idx,name,formula,polymorph,pubchem_cid,smiles,inchikey,cas_number,molecular_weight,pubchem_formula_match,mp_id,mp_space_group,mp_energy_above_hull_ev,density_g_cm3,density_source,xray_energy_ev,xray_sld_real,xray_sld_imag,neutron_sld_real,neutron_sld_imag,strong_neutron_absorber,ri_shelf,ri_book,ri_wl_min_nm,ri_wl_max_nm,ri_page_primary,axis_primary,n_633,k_633,axis_2,n_633_axis2,k_633_axis2,ri_page_axis2,flags,axis_3,n_633_axis3,k_633_axis3,ri_page_axis3,density_citation_doi,density_citation_title,density_citation_authors,density_citation_journal,density_citation_year,materialclass,selection_key,series
1,Aluminium gallium arsenide Al0.097Ga0.903As,Al0.097Ga0.903As,,,,,,,,,,,,,,,,,,,other,AlAs-GaAs,260.49,1878.6799999999998,Papatryfonos-9.7,,3.7614498159509204,0.15643395705521473,,,,,density/SLD left NULL: no source states the density of this composition (no interpolation between end members is made); identity from the formula alone: a solid solution / non-stoichiometric composition has no PubChem compound record,,,,,,,,,,III-V alloy,AlGaAs@x0.097,AlGaAs
2,Aluminium gallium arsenide Al0.099Ga0.901As,Al0.099Ga0.901As,,,,,,,,,,,,,,,,,,,other,AlAs-GaAs,206.6,826.6,Aspnes-9.9,,3.80191717791411,0.15331901840490797,,,,,density/SLD left NULL: no source states the density of this composition (no interpolation between end members is made); identity from the formula alone: a solid solution / non-stoichiometric composition has no PubChem compound record,,,,,,,,,,III-V alloy,AlGaAs@x0.099,AlGaAs
3,Aluminium gallium arsenide Al0.198Ga0.802As,Al0.198Ga0.802As,,,,,,,,,,,,,,,,,,,other,AlAs-GaAs,206.6,826.6,Aspnes-19.8,,3.7352914110429447,0.10835582822085889,,,,,density/SLD left NULL: no source states the density of this composition (no interpolation between end members is made); identity from the formula alone: a solid solution / non-stoichiometric composition has no PubChem compound record,,,,,,,,,,III-V alloy,AlGaAs@x0.198,AlGaAs
4,Aluminium gallium arsenide Al0.219Ga0.781As,Al0.219Ga0.781As,,,,,,,,,,,,,,,,,,,other,AlAs-GaAs,260.49,1878.6799999999998,Papatryfonos-21.9,,3.6957456748466258,0.11184601226993865,,,,,density/SLD left NULL: no source states the density of this composition (no interpolation between end members is made); identity from the formula alone: a solid solution / non-stoichiometric composition has no PubChem compound record,,,,,,,,,,III-V alloy,AlGaAs@x0.219,AlGaAs
5,Aluminium gallium arsenide Al0.315Ga0.685As,Al0.315Ga0.685As,,,,,,,,,,,,,,,,,,,other,AlAs-GaAs,206.6,826.6,Aspnes-31.5,,3.673926380368098,0.13133742331288342,,,,,"additional dataset Adachi1989: n(633 nm)=3.6507147302904563, k=0.13928572614107876; density/SLD left NULL: no source states the density of this composition (no interpolation between end members is made); identity from the formula alone: a solid solution / non-stoichiometric composition has no PubChem compound record; 2 datasets; n_633/k_633 are the primary (Aspnes1986)",,,,,,,,,,III-V alloy,AlGaAs@x0.315,AlGaAs
6,Aluminium gallium arsenide Al0.32Ga0.68As,Al0.32Ga0.68As,,,,,,,,,,,,,,,,,,,other,AlAs-GaAs,450.2291,1399.642,Gadras-32,,3.817597854170834,0.20255126463292653,,,,,"density/SLD left NULL: no source states the density of this composition (no interpolation between end members is made); identity from the formula alone: a solid solution / non-stoichiometric composition has no PubChem compound record; 600 degC (Gadras 2025: in-situ, during growth)",,,,,,,,,,III-V alloy,AlGaAs@x0.32,AlGaAs
7,Aluminium gallium arsenide Al0.342Ga0.658As,Al0.342Ga0.658As,,,,,,,,,,,,,,,,,,,other,AlAs-GaAs,260.49,1878.6799999999998,Papatryfonos-34.2,,3.6627192638036807,0.12491055214723926,,,,,density/SLD left NULL: no source states the density of this composition (no interpolation between end members is made); identity from the formula alone: a solid solution / non-stoichiometric composition has no PubChem compound record,,,,,,,,,,III-V alloy,AlGaAs@x0.342,AlGaAs
8,Aluminium gallium arsenide Al0.411Ga0.589As,Al0.411Ga0.589As,,,,,,,,,,,,,,,,,,,other,AlAs-GaAs,260.49,1878.6799999999998,Papatryfonos-41.1,,3.6551739877300613,0.043357116564417195,,,,,density/SLD left NULL: no source states the density of this composition (no interpolation between end members is made); identity from the formula alone: a solid solution / non-stoichiometric composition has no PubChem compound record,,,,,,,,,,III-V alloy,AlGaAs@x0.411,AlGaAs
9,Aluminium gallium arsenide Al0.419Ga0.581As,Al0.419Ga0.581As,,,,,,,,,,,,,,,,,,,other,AlAs-GaAs,206.6,826.6,Aspnes-41.9,,3.6218067484662577,0.0364969325153374,,,,,density/SLD left NULL: no source states the density of this composition (no interpolation between end members is made); identity from the formula alone: a solid solution / non-stoichiometric composition has no PubChem compound record,,,,,,,,,,III-V alloy,AlGaAs@x0.419,AlGaAs
10,Aluminium gallium arsenide Al0.452Ga0.548As,Al0.452Ga0.548As,,,,,,,,,,,,,,,,,,,other,AlAs-GaAs,260.49,1878.6799999999998,Papatryfonos-45.2,,3.581866901840491,0.0019077914110429445,,,,,density/SLD left NULL: no source states the density of this composition (no interpolation between end members is made); identity from the formula alone: a solid solution / non-stoichiometric composition has no PubChem compound record,,,,,,,,,,III-V alloy,AlGaAs@x0.452,AlGaAs
11,Aluminium gallium arsenide Al0.491Ga0.509As,Al0.491Ga0.509As,,,,,,,,,,,,,,,,,,,other,AlAs-GaAs,206.6,826.6,Aspnes-49.1,,3.5254509202453987,0.001196319018404907,,,,,density/SLD left NULL: no source states the density of this composition (no interpolation between end members is made); identity from the formula alone: a solid solution / non-stoichiometric composition has no PubChem compound record,,,,,,,,,,III-V alloy,AlGaAs@x0.491,AlGaAs
12,Aluminium gallium arsenide Al0.53Ga0.47As,Al0.53Ga0.47As,,,,,,,,,,,,,,,,,,,other,AlAs-GaAs,450.2291,1399.642,Gadras-53,,3.6915975887177432,0.11233750328065606,,,,,"density/SLD left NULL: no source states the density of this composition (no interpolation between end members is made); identity from the formula alone: a solid solution / non-stoichiometric composition has no PubChem compound record; 600 degC (Gadras 2025: in-situ, during growth)",,,,,,,,,,III-V alloy,AlGaAs@x0.53,AlGaAs
13,Aluminium gallium arsenide Al0.59Ga0.41As,Al0.59Ga0.41As,,,,,,,,,,,,,,,,,,,other,AlAs-GaAs,206.6,826.6,Aspnes-59.0,,3.442085889570552,0.0,,,,,density/SLD left NULL: no source states the density of this composition (no interpolation between end members is made); identity from the formula alone: a solid solution / non-stoichiometric composition has no PubChem compound record,,,,,,,,,,III-V alloy,AlGaAs@x0.59,AlGaAs
14,Aluminium gallium arsenide Al0.7Ga0.3As,Al0.7Ga0.3As,,,,,,,,,,,,,,,,,,,other,AlAs-GaAs,206.6,826.6,Aspnes-70.0,,3.338898773006135,0.0,,,,,"additional dataset Adachi1989: n(633 nm)=3.34706877593361, k=0.016485959543568466; density/SLD left NULL: no source states the density of this composition (no interpolation between end members is made); identity from the formula alone: a solid solution / non-stoichiometric composition has no PubChem compound record; 2 datasets; n_633/k_633 are the primary (Aspnes1986)",,,,,,,,,,III-V alloy,AlGaAs@x0.7,AlGaAs
15,Aluminium gallium arsenide Al0.804Ga0.196As,Al0.804Ga0.196As,,,,,,,,,,,,,,,,,,,other,AlAs-GaAs,206.6,826.6,Aspnes-80.4,,3.260524539877301,0.0,,,,,density/SLD left NULL: no source states the density of this composition (no interpolation between end members is made); identity from the formula alone: a solid solution / non-stoichiometric composition has no PubChem compound record,,,,,,,,,,III-V alloy,AlGaAs@x0.804,AlGaAs
16,Aluminium gallium arsenide Al0.929Ga0.071As,Al0.929Ga0.071As,,,,,,,,,,,,,,,,,,,other,AlAs-GaAs,2000.0,7100.0,Perner-92.9,,,,,,,,"[Perner-92.9] 633nm outside n range of other/semiconductor alloys/AlAs-GaAs/nk/Perner-92.9.yml; density/SLD left NULL: no source states the density of this composition (no interpolation between end members is made); identity from the formula alone: a solid solution / non-stoichiometric composition has no PubChem compound record; Perner 2023: crystalline thin-film multilayer, 22 degC at 2.21 mbar",,,,,,,,,,III-V alloy,AlGaAs@x0.929,AlGaAs
17,Aluminium gallium antimonide Al0.1Ga0.9Sb,Al0.1Ga0.9Sb,,,,,,,,,,,,,,,,,,,other,AlSb-GaSb,207.0,2480.0,Ferrini-10,,5.060636363636363,0.8871212121212121,,,,,density/SLD left NULL: no source states the density of this composition (no interpolation between end members is made); identity from the formula alone: a solid solution / non-stoichiometric composition has no PubChem compound record,,,,,,,,,,III-V alloy,AlGaSb@x0.1,AlGaSb
18,Aluminium gallium antimonide Al0.3Ga0.7Sb,Al0.3Ga0.7Sb,,,,,,,,,,,,,,,,,,,other,AlSb-GaSb,207.0,2480.0,Ferrini-30,,4.784454545454546,0.6042727272727273,,,,,density/SLD left NULL: no source states the density of this composition (no interpolation between end members is made); identity from the formula alone: a solid solution / non-stoichiometric composition has no PubChem compound record,,,,,,,,,,III-V alloy,AlGaSb@x0.3,AlGaSb
19,Aluminium gallium antimonide Al0.5Ga0.5Sb,Al0.5Ga0.5Sb,,,,,,,,,,,,,,,,,,,other,AlSb-GaSb,207.0,2480.0,Ferrini-50,,4.623484848484848,0.22166666666666668,,,,,density/SLD left NULL: no source states the density of this composition (no interpolation between end members is made); identity from the formula alone: a solid solution / non-stoichiometric composition has no PubChem compound record,,,,,,,,,,III-V alloy,AlGaSb@x0.5,AlGaSb
20,Silicon-germanium Si0.11Ge0.89,Si0.11Ge0.89,,,,,,,,,,,,,,,,,,,other,Si-Ge,240.0,840.0,Jellison-11,,5.037,0.3383,,,,,density/SLD left NULL: no source states the density of this composition (no interpolation between end members is made); identity from the formula alone: a solid solution / non-stoichiometric composition has no PubChem compound record,,,,,,,,,,group-IV alloy,SiGe@x0.11,SiGe
21,Silicon-germanium Si0.2Ge0.8,Si0.2Ge0.8,,,,,,,,,,,,,,,,,,,other,Si-Ge,240.0,840.0,Jellison-20,,4.8312,0.22490000000000002,,,,,density/SLD left NULL: no source states the density of this composition (no interpolation between end members is made); identity from the formula alone: a solid solution / non-stoichiometric composition has no PubChem compound record,,,,,,,,,,group-IV alloy,SiGe@x0.2,SiGe
22,Silicon-germanium Si0.28Ge0.72,Si0.28Ge0.72,,,,,,,,,,,,,,,,,,,other,Si-Ge,240.0,840.0,Jellison-28,,4.6823,0.1746,,,,,density/SLD left NULL: no source states the density of this composition (no interpolation between end members is made); identity from the formula alone: a solid solution / non-stoichiometric composition has no PubChem compound record,,,,,,,,,,group-IV alloy,SiGe@x0.28,SiGe
23,Silicon-germanium Si0.48Ge0.52,Si0.48Ge0.52,,,,,,,,,,,,,,,,,,,other,Si-Ge,240.0,840.0,Jellison-48,,4.2462,0.06799999999999999,,,,,density/SLD left NULL: no source states the density of this composition (no interpolation between end members is made); identity from the formula alone: a solid solution / non-stoichiometric composition has no PubChem compound record; x = 0.48 from the page name and its CONDITIONS; its comment says x = 0.28 (copied from the Jellison-28 page),,,,,,,,,,group-IV alloy,SiGe@x0.48,SiGe
24,Silicon-germanium Si0.47Ge0.53,Si0.47Ge0.53,,,,,,,,,,,,,,,,,,,other,Si-Ge,240.0,840.0,Jellison-47,,4.2812,0.0664,,,,,density/SLD left NULL: no source states the density of this composition (no interpolation between end members is made); identity from the formula alone: a solid solution / non-stoichiometric composition has no PubChem compound record,,,,,,,,,,group-IV alloy,SiGe@x0.47,SiGe
25,Silicon-germanium Si0.65Ge0.35,Si0.65Ge0.35,,,,,,,,,,,,,,,,,,,other,Si-Ge,240.0,840.0,Jellison-65,,4.1448,0.045,,,,,density/SLD left NULL: no source states the density of this composition (no interpolation between end members is made); identity from the formula alone: a solid solution / non-stoichiometric composition has no PubChem compound record,,,,,,,,,,group-IV alloy,SiGe@x0.65,SiGe
26,Silicon-germanium Si0.85Ge0.15,Si0.85Ge0.15,,,,,,,,,,,,,,,,,,,other,Si-Ge,240.0,840.0,Jellison-85,,3.9745999999999997,0.0142,,,,,density/SLD left NULL: no source states the density of this composition (no interpolation between end members is made); identity from the formula alone: a solid solution / non-stoichiometric composition has no PubChem compound record,,,,,,,,,,group-IV alloy,SiGe@x0.85,SiGe
27,Silicon-germanium Si0.98Ge0.02,Si0.98Ge0.02,,,,,,,,,,,,,,,,,,,other,Si-Ge,240.0,840.0,Jellison-98,,3.8863,0.014,,,,,density/SLD left NULL: no source states the density of this composition (no interpolation between end members is made); identity from the formula alone: a solid solution / non-stoichiometric composition has no PubChem compound record,,,,,,,,,,group-IV alloy,SiGe@x0.98,SiGe
28,Indium gallium arsenide In0.52Ga0.48As,In0.52Ga0.48As,,,,,,,,,,,,,,,,,,,other,GaAs-InAs,206.64,12398.0,Adachi,,3.793657261410788,0.5328153112033194,,,,,density/SLD left NULL: no source states the density of this composition (no interpolation between end members is made); identity from the formula alone: a solid solution / non-stoichiometric composition has no PubChem compound record,,,,,,,,,,III-V alloy,InGaAs@x0.48,InGaAs
29,Indium gallium arsenide In0.53Ga0.47As,In0.53Ga0.47As,,,,,,,,,,,,,,,,,,,other,GaAs-InAs,16668.17,48774.729999999996,Le,,,,,,,,[Le] 633nm outside n range of other/semiconductor alloys/GaAs-InAs/nk/Le.yml; density/SLD left NULL: no source states the density of this composition (no interpolation between end members is made); identity from the formula alone: a solid solution / non-stoichiometric composition has no PubChem compound record,,,,,,,,,,III-V alloy,InGaAs@x0.47,InGaAs
30,Gallium indium phosphide Ga0.51In0.49P,Ga0.51In0.49P,,,,,,,,,,,,,,,,,,,other,GaP-InP,249.60999999999999,953.9499999999999,Schubert,,3.60363,0.1527537532808399,,,,,"additional dataset 3.15 um MOVPE film on GaAs | Ferrini2002-UV-VIS: n(633 nm)=3.6023558282208588, k=0.10451533742331286; additional dataset 3.15 um MOVPE film on GaAs | Ferrini2002-IR: n(633 nm)=None; additional dataset 3.15 um MOVPE film on GaAs | Ferrini2002-far-IR: n(633 nm)=None; density/SLD left NULL: no source states the density of this composition (no interpolation between end members is made); identity from the formula alone: a solid solution / non-stoichiometric composition has no PubChem compound record; 4 datasets; n_633/k_633 are the primary (Schubert1995)",,,,,,,,,,III-V alloy,GaInP@x0.49,GaInP
31,Silver gallium indium sulfide AgGa0.86In0.14S2,AgGa0.86In0.14S2,,,,,,,,,,,,,,,,,,,other,AgGaS2-AgInS2,565.0,10600.0,Kato-o,o-ray,2.5488714631567104,,,,,,additional dataset Kato2021 | e-ray: n(633 nm)=2.5040754386049304; density/SLD left NULL: no source states the density of this composition (no interpolation between end members is made); identity from the formula alone: a solid solution / non-stoichiometric composition has no PubChem compound record; 2 datasets; n_633/k_633 are the primary (Kato2021 | o-ray),,,,,,,,,,chalcopyrite alloy,AgGaInS2@x0.14,AgGaInS2
32,Zinc cadmium oxide Zn0.1Cd0.9O,Zn0.1Cd0.9O,,,,,,,,,,,,,,,,,,,other,ZnO-CdO,300.0,3200.0,Aguilar-10,,2.2831799999999998,0.0792404,,,,,density/SLD left NULL: no source states the density of this composition (no interpolation between end members is made); identity from the formula alone: a solid solution / non-stoichiometric composition has no PubChem compound record,,,,,,,,,,oxide alloy,ZnCdO@x0.1,ZnCdO
33,Zinc cadmium oxide Zn0.25Cd0.75O,Zn0.25Cd0.75O,,,,,,,,,,,,,,,,,,,other,ZnO-CdO,300.0,3200.0,Aguilar-25,,2.04052,0.107186,,,,,density/SLD left NULL: no source states the density of this composition (no interpolation between end members is made); identity from the formula alone: a solid solution / non-stoichiometric composition has no PubChem compound record,,,,,,,,,,oxide alloy,ZnCdO@x0.25,ZnCdO
34,Zinc cadmium oxide Zn0.4Cd0.6O,Zn0.4Cd0.6O,,,,,,,,,,,,,,,,,,,other,ZnO-CdO,300.0,3200.0,Aguilar-40,,1.96988,0.0370554,,,,,density/SLD left NULL: no source states the density of this composition (no interpolation between end members is made); identity from the formula alone: a solid solution / non-stoichiometric composition has no PubChem compound record,,,,,,,,,,oxide alloy,ZnCdO@x0.4,ZnCdO
35,Zinc cadmium oxide Zn0.5Cd0.5O,Zn0.5Cd0.5O,,,,,,,,,,,,,,,,,,,other,ZnO-CdO,300.0,3200.0,Aguilar-50,,1.8648,0.024902,,,,,density/SLD left NULL: no source states the density of this composition (no interpolation between end members is made); identity from the formula alone: a solid solution / non-stoichiometric composition has no PubChem compound record,,,,,,,,,,oxide alloy,ZnCdO@x0.5,ZnCdO
36,Zinc cadmium oxide Zn0.63Cd0.37O,Zn0.63Cd0.37O,,,,,,,,,,,,,,,,,,,other,ZnO-CdO,300.0,3200.0,Aguilar-63,,1.88492,0.0289446,,,,,density/SLD left NULL: no source states the density of this composition (no interpolation between end members is made); identity from the formula alone: a solid solution / non-stoichiometric composition has no PubChem compound record,,,,,,,,,,oxide alloy,ZnCdO@x0.63,ZnCdO
37,Zinc cadmium oxide Zn0.75Cd0.25O,Zn0.75Cd0.25O,,,,,,,,,,,,,,,,,,,other,ZnO-CdO,300.0,3200.0,Aguilar-75,,1.87026,0.041826,,,,,density/SLD left NULL: no source states the density of this composition (no interpolation between end members is made); identity from the formula alone: a solid solution / non-stoichiometric composition has no PubChem compound record,,,,,,,,,,oxide alloy,ZnCdO@x0.75,ZnCdO
38,Zinc cadmium oxide Zn0.9Cd0.1O,Zn0.9Cd0.1O,,,,,,,,,,,,,,,,,,,other,ZnO-CdO,300.0,3200.0,Aguilar-90,,1.85922,0.080155,,,,,density/SLD left NULL: no source states the density of this composition (no interpolation between end members is made); identity from the formula alone: a solid solution / non-stoichiometric composition has no PubChem compound record,,,,,,,,,,oxide alloy,ZnCdO@x0.9,ZnCdO
39,Silicon suboxide SiO0.31,SiO0.31,,,,,,,,,,,,,,,,,,,other,Si-O,5000.0,25000.0,Herguedas-SiO0.31,,,,,,,,[Herguedas-SiO0.31] 633nm outside n range of other/non-stoichiometric compounds/Si-O/nk/Herguedas-SiO0.31.yml; density/SLD left NULL: no source states the density of this composition (no interpolation between end members is made); identity from the formula alone: a solid solution / non-stoichiometric composition has no PubChem compound record,,,,,,,,,,non-stoichiometric oxide,SiOx@x0.31,SiOx
40,Silicon suboxide SiO0.61,SiO0.61,,,,,,,,,,,,,,,,,,,other,Si-O,5000.0,25000.0,Herguedas-SiO0.61,,,,,,,,[Herguedas-SiO0.61] 633nm outside n range of other/non-stoichiometric compounds/Si-O/nk/Herguedas-SiO0.61.yml; density/SLD left NULL: no source states the density of this composition (no interpolation between end members is made); identity from the formula alone: a solid solution / non-stoichiometric composition has no PubChem compound record,,,,,,,,,,non-stoichiometric oxide,SiOx@x0.61,SiOx
41,Silicon suboxide SiO1.10,SiO1.10,,,,,,,,,,,,,,,,,,,other,Si-O,5000.0,25000.0,Herguedas-SiO1.10,,,,,,,,[Herguedas-SiO1.10] 633nm outside n range of other/non-stoichiometric compounds/Si-O/nk/Herguedas-SiO1.10.yml; density/SLD left NULL: no source states the density of this composition (no interpolation between end members is made); identity from the formula alone: a solid solution / non-stoichiometric composition has no PubChem compound record,,,,,,,,,,non-stoichiometric oxide,SiOx@x1.10,SiOx
42,Silicon suboxide SiO1.71,SiO1.71,,,,,,,,,,,,,,,,,,,other,Si-O,5000.0,25000.0,Herguedas-SiO1.71,,,,,,,,[Herguedas-SiO1.71] 633nm outside n range of other/non-stoichiometric compounds/Si-O/nk/Herguedas-SiO1.71.yml; density/SLD left NULL: no source states the density of this composition (no interpolation between end members is made); identity from the formula alone: a solid solution / non-stoichiometric composition has no PubChem compound record,,,,,,,,,,non-stoichiometric oxide,SiOx@x1.71,SiOx
43,Silicon suboxide SiO1.89,SiO1.89,,,,,,,,,,,,,,,,,,,other,Si-O,5000.0,25000.0,Herguedas-SiO1.89,,,,,,,,[Herguedas-SiO1.89] 633nm outside n range of other/non-stoichiometric compounds/Si-O/nk/Herguedas-SiO1.89.yml; density/SLD left NULL: no source states the density of this composition (no interpolation between end members is made); identity from the formula alone: a solid solution / non-stoichiometric composition has no PubChem compound record,,,,,,,,,,non-stoichiometric oxide,SiOx@x1.89,SiOx
44,Silicon suboxide SiO1.92,SiO1.92,,,,,,,,,,,,,,,,,,,other,Si-O,5000.0,25000.0,Herguedas-SiO1.92,,,,,,,,[Herguedas-SiO1.92] 633nm outside n range of other/non-stoichiometric compounds/Si-O/nk/Herguedas-SiO1.92.yml; density/SLD left NULL: no source states the density of this composition (no interpolation between end members is made); identity from the formula alone: a solid solution / non-stoichiometric composition has no PubChem compound record,,,,,,,,,,non-stoichiometric oxide,SiOx@x1.92,SiOx
45,Thallium bromide iodide (KRS-5),TlBr0.457I0.543,,,,,,,,,,,,,,,,,,,other,TlBr-TlI,577.0,39380.0,Rodney,,2.5728833380634066,,,,,,"density/SLD left NULL: no source states the density of this composition (no interpolation between end members is made); identity from the formula alone: a solid solution / non-stoichiometric composition has no PubChem compound record; 45.7 mol% TlBr + 54.3 mol% TlI (the page), 25 degC",,,,,,,,,,mixed halide crystal,KRS@KRS-5,KRS
46,Thallium bromide chloride (KRS-6),,,,,,,,,,,,,,,,,,,,other,TlBr-TlCl,600.0,24000.0,Hettner,,2.196682442426985,,,,,,density/SLD left NULL: no source states the density of this composition (no interpolation between end members is made); formula NULL: the page gives no exact composition (a doped crystal / conducting oxide; dopant level in the name); no x-ray / neutron SLD; the page states no TlBr / TlCl ratio: formula NULL,,,,,,,,,,mixed halide crystal,KRS@KRS-6,KRS
47,Yttria-stabilized zirconia (12 mol% Y2O3),Zr0.88Y0.24O2.12,,,,,,,,,,,,,,,,,,,other,ZrO2-Y2O3,361.0,5135.0,Wood,,2.151662229466066,,,,,,"density/SLD left NULL: no source states the density of this composition (no interpolation between end members is made); identity from the formula alone: a solid solution / non-stoichiometric composition has no PubChem compound record; 12.0 mol% Y2O3 (the page), 25 degC: (ZrO2)0.88(Y2O3)0.12",,,,,,,,,,stabilized oxide,YSZ@12mol,YSZ
48,Yttria-stabilized hafnia (9.8 mol% Y2O3),Hf0.902Y0.196O2.098,,,,,,,,,,,,,,,,,,,other,HfO2-Y2O3,365.0,5000.0,Wood,,2.1055641134073726,,,,,,"density/SLD left NULL: no source states the density of this composition (no interpolation between end members is made); identity from the formula alone: a solid solution / non-stoichiometric composition has no PubChem compound record; 9.8 mol% Y2O3 (the page), 20 degC: (HfO2)0.902(Y2O3)0.098",,,,,,,,,,stabilized oxide,YSH@9.8mol,YSH
49,"Lithium niobate, congruent, 5 mol% MgO",,,,,,,,,,,,,,,,,,,,other,MgO-LiNbO3,400.0,5000.0,Zelmon-o,o-ray,2.2824319801226154,,,,,,additional dataset Zelmon1997 | e-ray: n(633 nm)=2.1927556705753126; additional dataset Gayer2008 | e-ray: n(633 nm)=2.1938501396523256; additional dataset Gayer2008 | o-ray: n(633 nm)=2.283325215937496; density/SLD left NULL: no source states the density of this composition (no interpolation between end members is made); formula NULL: the page gives no exact composition (a doped crystal / conducting oxide; dopant level in the name); no x-ray / neutron SLD; 4 datasets; n_633/k_633 are the primary (Zelmon1997 | o-ray); congruent LiNbO3 (Li-deficient) doped with 5 mol% MgO: formula NULL (the dopant site occupancy is not stated),,,,,,,,,,doped crystal,MgO-LiNbO3@CLN-5mol,MgO-LiNbO3
50,"Lithium niobate, stoichiometric, 1 mol% MgO",,,,,,,,,,,,,,,,,,,,other,MgO-LiNbO3,500.0,4000.0,Gayer-1-e,e-ray,2.1884672279384483,,,,,,density/SLD left NULL: no source states the density of this composition (no interpolation between end members is made); formula NULL: the page gives no exact composition (a doped crystal / conducting oxide; dopant level in the name); no x-ray / neutron SLD; stoichiometric LiNbO3 doped with 1 mol% MgO: formula NULL,,,,,,,,,,doped crystal,MgO-LiNbO3@SLN-1mol,MgO-LiNbO3
51,"Lithium tantalate, congruent, 8 mol% Mg",,,,,,,,,,,,,,,,,,,,other,Mg-LiTaO3,450.0,1551.0,Moutzouris-o,o-ray,2.1716608549854306,,,,,,"additional dataset Moutzouris2011 | e-ray: n(633 nm)=2.1745612459037877; density/SLD left NULL: no source states the density of this composition (no interpolation between end members is made); formula NULL: the page gives no exact composition (a doped crystal / conducting oxide; dopant level in the name); no x-ray / neutron SLD; 2 datasets; n_633/k_633 are the primary (Moutzouris2011 | o-ray); 8 mol% Mg-doped congruent LiTaO3: formula NULL. The '-o' page's comment and CONDITIONS say extraordinary (copied from the '-e' page), but its coefficients differ and give n below the '-e' page's (2.1337 vs 2.1370 at 1 um: LiTaO3's positive birefringence), so it is loaded as the ordinary ray",,,,,,,,,,doped crystal,Mg-LiTaO3@CLT-8mol,Mg-LiTaO3
52,Indium tin oxide (ITO),,,,,,,,,,,,,,,,,,,,other,In2O3-SnO2,191.45999999999998,1688.69,Minenkov-glass,,1.758705,0.012842500000000005,,,,,"additional dataset 88 nm graded film on SiO2/Si, top | Minenkov2024: n(633 nm)=1.8393102499999998, k=0.012142500000000004; additional dataset 88 nm graded film on SiO2/Si, bottom | Minenkov2024: n(633 nm)=1.65091175, k=0.027126000000000008; additional dataset 72 nm film on BK7 | Konig2014: n(633 nm)=1.7823622977215188, k=0.0032497260759493675; additional dataset 17 nm film on D263M | Moerland2016: n(633 nm)=1.87446816268405, k=0.0025552715696120975; density/SLD left NULL: no source states the density of this composition (no interpolation between end members is made); formula NULL: the page gives no exact composition (a doped crystal / conducting oxide; dopant level in the name); no x-ray / neutron SLD; 5 datasets; n_633/k_633 are the primary (110 nm film on glass | Minenkov2024); commercial and sputtered films; the Sn content is not stated: formula NULL. Its optical constants depend on deposition and carrier density: compare variants only knowingly",,,,,,,,,,transparent conducting oxide,ITO@ITO,ITO
53,Aluminium-doped zinc oxide (AZO),,,,,,,,,,,,,,,,,,,,other,Al-ZnO,300.0,900.0,Treharne,,1.797601,0.0030085,,,,,density/SLD left NULL: no source states the density of this composition (no interpolation between end members is made); formula NULL: the page gives no exact composition (a doped crystal / conducting oxide; dopant level in the name); no x-ray / neutron SLD; approx. 2 wt% Al (the page): formula NULL,,,,,,,,,,transparent conducting oxide,AZO@AZO,AZO
54,"Brass, 90 wt% Cu",Cu0.9026Zn0.0974,,,,,,,,,,,,,,,,,,,other,Cu-Zn,210.0,55555.6,Querry-Cu90Zn10,,0.32580000000000003,3.2518,,,,,"density/SLD left NULL: no source states the density of this composition (no interpolation between end members is made); identity from the formula alone: a solid solution / non-stoichiometric composition has no PubChem compound record; Querry 1985 'brass ingot (90 Cu/10 Zn)': brass is specified by weight, converted to the atomic formula Cu0.9026Zn0.0974 (read as atomic % instead it would differ by < 0.7 at.%)",,,,,,,,,,metal alloy,CuZn@Cu90,CuZn
55,"Brass, 85 wt% Cu",Cu0.8536Zn0.1464,,,,,,,,,,,,,,,,,,,other,Cu-Zn,210.0,55555.6,Querry-Cu85Zn15,,0.3924,3.0571,,,,,"density/SLD left NULL: no source states the density of this composition (no interpolation between end members is made); identity from the formula alone: a solid solution / non-stoichiometric composition has no PubChem compound record; Querry 1985 'brass ingot (85 Cu/15 Zn)': brass is specified by weight, converted to the atomic formula Cu0.8536Zn0.1464 (read as atomic % instead it would differ by < 0.7 at.%)",,,,,,,,,,metal alloy,CuZn@Cu85,CuZn
56,"Brass, 70 wt% Cu",Cu0.706Zn0.294,,,,,,,,,,,,,,,,,,,other,Cu-Zn,210.0,55555.6,Querry-Cu70Zn30,,0.4447,3.5481,,,,,"density/SLD left NULL: no source states the density of this composition (no interpolation between end members is made); identity from the formula alone: a solid solution / non-stoichiometric composition has no PubChem compound record; Querry 1985 'brass ingot (70 Cu/30 Zn)': brass is specified by weight, converted to the atomic formula Cu0.706Zn0.294 (read as atomic % instead it would differ by < 0.7 at.%)",,,,,,,,,,metal alloy,CuZn@Cu70,CuZn
57,Permalloy Ni80Fe20,Ni0.8Fe0.2,,,,,,,,,,,,,,,,,,,other,Ni-Fe,193.0,1690.0,Tikuisis_bare150nm,,2.4566,4.045,,,,,"additional dataset 150 nm film, 3 nm Au cap | Tikuisis2017: n(633 nm)=2.3813, k=3.9415; additional dataset 10 nm film, bare (4 nm oxide) | Tikuisis2017: n(633 nm)=2.9689, k=4.5993; additional dataset 10 nm film, 3 nm Au cap | Tikuisis2017: n(633 nm)=2.59, k=3.9846; density/SLD left NULL: no source states the density of this composition (no interpolation between end members is made); identity from the formula alone: a solid solution / non-stoichiometric composition has no PubChem compound record; 4 datasets; n_633/k_633 are the primary (150 nm film, bare (2.3 nm oxide) | Tikuisis2017); ion-beam sputtered from a Ni80Fe20 target (Tikuisis 2017): the nominal target composition, not a measured film composition; read as weight % it would be Ni0.792Fe0.208 (0.8 at.% apart). The 10 nm films' constants are effective values of a thin film: compare the 150 nm variants with bulk",,,,,,,,,,metal alloy,NiFe@Ni80Fe20,NiFe
58,"Aluminium oxynitride (ALON), 5.88 at.% N",,,,,,,,,,,,,,,,,,,,other,AlN-Al2O3,240.0,5600.0,Hartnett-5.88,,1.776525,5.569787499999999e-07,,,,,density/SLD left NULL: no source states the density of this composition (no interpolation between end members is made); formula NULL: the page gives no exact composition (a doped crystal / conducting oxide; dopant level in the name); no x-ray / neutron SLD; 5.88 at.% nitrogen (the page): formula NULL (Al:O not stated),,,,,,,,,,oxynitride ceramic,AlON@N5.88,AlON
59,"Aluminium oxynitride (ALON), 6.53 at.% N",,,,,,,,,,,,,,,,,,,,other,AlN-Al2O3,240.0,5600.0,Hartnett-6.53,,1.7681850000000001,6.1592725e-07,,,,,density/SLD left NULL: no source states the density of this composition (no interpolation between end members is made); formula NULL: the page gives no exact composition (a doped crystal / conducting oxide; dopant level in the name); no x-ray / neutron SLD; 6.53 at.% nitrogen (the page): formula NULL (Al:O not stated),,,,,,,,,,oxynitride ceramic,AlON@N6.53,AlON
60,"Aluminium oxynitride (ALON), 6.69 at.% N",,,,,,,,,,,,,,,,,,,,other,AlN-Al2O3,240.0,5600.0,Hartnett-6.69,,1.7860464567261851,,,,,,density/SLD left NULL: no source states the density of this composition (no interpolation between end members is made); formula NULL: the page gives no exact composition (a doped crystal / conducting oxide; dopant level in the name); no x-ray / neutron SLD; 6.69 at.% nitrogen (the page): formula NULL (Al:O not stated),,,,,,,,,,oxynitride ceramic,AlON@N6.69,AlON
61,"Aluminium oxynitride (ALON), 7.17 at.% N",,,,,,,,,,,,,,,,,,,,other,AlN-Al2O3,240.0,5600.0,Hartnett-7.17,,1.7801850000000001,5.569787499999999e-07,,,,,density/SLD left NULL: no source states the density of this composition (no interpolation between end members is made); formula NULL: the page gives no exact composition (a doped crystal / conducting oxide; dopant level in the name); no x-ray / neutron SLD; 7.17 at.% nitrogen (the page): formula NULL (Al:O not stated),,,,,,,,,,oxynitride ceramic,AlON@N7.17,AlON
