idx,name,formula,polymorph,pubchem_cid,smiles,inchikey,cas_number,molecular_weight,pubchem_formula_match,mp_id,mp_space_group,mp_energy_above_hull_ev,density_g_cm3,density_source,xray_energy_ev,xray_sld_real,xray_sld_imag,neutron_sld_real,neutron_sld_imag,strong_neutron_absorber,ri_shelf,ri_book,ri_page_primary,axis_primary,process_condition_primary,n_633,k_633,flags,axis_2,n_633_axis2,k_633_axis2,ri_page_axis2,process_condition_axis2,density_citation_doi,density_citation_title,density_citation_authors,density_citation_journal,density_citation_year,axis_3,n_633_axis3,k_633_axis3,ri_page_axis3,process_condition_axis3
51,Barium fluoride,BaF2,,62670.0,[F-].[F-].[Ba+2],OYLGJCQECKOTOL-UHFFFAOYSA-L,7787-32-8,175.32,True,mp-1029,Fm-3m (#225),0.0,4.825907163104328,MP_DFT,8048.0,34.18570854761361,4.267694059074625,2.714875019757259,5.159136197979582e-05,False,main,BaF2,Malitson,,,1.473264559599213,,"pubchem: 8 CAS numbers in PUG-View record, took first/primary (7787-32-8); polymorph_ambiguity: no pre-verified expected space group for this material -- took lowest energy_above_hull MP entry, please confirm polymorph match against RI.info data",,,,,,,,,,,,,,,
52,Calcium fluoride,CaF2,,84512.0,[F-].[F-].[Ca+2],WUKWITHWXAAZEY-UHFFFAOYSA-L,7789-75-5,78.07,True,mp-2741,Fm-3m (#225),0.0,3.0898327035512185,MP_DFT,8048.0,25.878054528175454,0.9553261391505153,3.815153603760526,2.977110928005874e-05,False,main,CaF2,Malitson,,,1.4328849539594277,,"pubchem: 15 CAS numbers in PUG-View record, took first/primary (7789-75-5); polymorph_ambiguity: no pre-verified expected space group for this material -- took lowest energy_above_hull MP entry, please confirm polymorph match against RI.info data",,,,,,,,,,,,,,,
53,Cadmium fluoride,CdF2,,24634.0,F[Cd]F,LVEULQCPJDDSLD-UHFFFAOYSA-L,7790-79-6,150.41,True,mp-241,Fm-3m (#225),0.0,6.340854978788501,MP_DFT,8048.0,47.436878498199064,3.4612031673740704,4.097032364398337,0.1779114298881754,False,main,CdF2,Bosomworth-300K,,,,,"pubchem: 6 CAS numbers in PUG-View record, took first/primary (7790-79-6); polymorph_ambiguity: no pre-verified expected space group for this material -- took lowest energy_above_hull MP entry, please confirm polymorph match against RI.info data; [Bosomworth-300K] 633nm outside n range of main/CdF2/nk/Bosomworth-300K.yml",,,,,,,,,,,,,,,
54,Cerium(III) fluoride,CeF3,tysonite,24457.0,[F-].[F-].[F-].[Ce+3],QCCDYNYSHILRDG-UHFFFAOYSA-K,7758-88-5,197.111,True,mp-510560,P-3c1 (#165),0.0,6.236949290468817,MP_DFT,8048.0,44.78591783649901,5.501985749369408,4.154398262201736,3.490966651040607e-05,False,main,CeF3,Rodriguez-de_Marcos,,,1.627131524033249,0.003209831225153596,"pubchem: 9 CAS numbers in PUG-View record, took first/primary (7758-88-5)",,,,,,,,,,,,,,,
55,Cesium fluoride,CsF,,25953.0,[F-].[Cs+],XJHCXCQVJFPJIK-UHFFFAOYSA-M,13400-13-0,151.9038551,True,mp-1784,Fm-3m (#225),0.0,4.6425917609252725,MP_DFT,8048.0,32.88548429239227,4.302289447855297,2.0382015243886857,0.001484788722913938,False,main,CsF,Li,,,1.476784863585662,,"pubchem: 10 CAS numbers in PUG-View record, took first/primary (13400-13-0); polymorph_ambiguity: no pre-verified expected space group for this material -- took lowest energy_above_hull MP entry, please confirm polymorph match against RI.info data",,,,,,,,,,,,,,,
56,Gadolinium(III) fluoride,GdF3,,83716.0,F[Gd](F)F,TYIZUJNEZNBXRS-UHFFFAOYSA-K,13765-26-9,214.24,True,,,,,literature,8048.0,,,,,True,main,GdF3,Franta,,,1.584074197679945,2.449553043218186e-06,"pubchem: 6 CAS numbers in PUG-View record, took first/primary (13765-26-9); no MP structure match. Density = None g/cm3 (NAMED EXCLUSION -- see EXCLUSION_STATE['GdF3']. No experimental density obtainable within the timebox; MP's only entry is theoretical/unverified and structurally inconsistent with GdF3's documented room-temperature phase. Deliberately left as None, not backfilled with an untrustworthy MP value.). Verify before use.; SLD: no density available, xray/neutron SLD left NULL",,,,,,,,,,,,,,,
57,Potassium fluoride,KF,,522689.0,[F-].[K+],NROKBHXJSPEDAR-UHFFFAOYSA-M,7789-23-3,58.0967,True,mp-463,Fm-3m (#225),0.0,2.57908054231024,MP_DFT,8048.0,21.463708425569685,0.8730846604802258,2.4926803160109325,0.00015683563732143464,False,main,KF,Li,,,1.3615958812277331,,"pubchem: 13 CAS numbers in PUG-View record, took first/primary (7789-23-3); polymorph_ambiguity: no pre-verified expected space group for this material -- took lowest energy_above_hull MP entry, please confirm polymorph match against RI.info data",,,,,,,,,,,,,,,
58,Lanthanum fluoride,LaF3,tysonite,83675.0,F[La](F)F,BYMUNNMMXKDFEZ-UHFFFAOYSA-K,13709-38-1,195.9007,True,mp-905,P-3c1 (#165),0.0,5.9840962289428,MP_DFT,8048.0,42.97775369144873,5.14918655607621,4.636054534302485,0.0004603397158664465,False,main,LaF3,Laihoa-o,o-ray,,1.6024895297473833,,"pubchem: 9 CAS numbers in PUG-View record, took first/primary (13709-38-1)",e-ray,1.5951855224705385,,Laihoa-e,,,,,,,,,,,
59,Lithium calcium aluminum fluoride (LiCAF),LiCaAlF6,colquiriite,,,,,,,mp-6134,P-31c (#163),0.0,2.861738341850416,MP_DFT,8048.0,23.52032304079273,0.4867534831396487,3.6800693309198897,0.0018155989560004523,True,main,LiCaAlF6,Woods-o,o-ray,,1.3915059647788222,,pubchem: not found by name,e-ray,1.3901715830152814,,Woods-e,,,,,,,,,,,
60,Lithium fluoride,LiF,,224478.0,[Li+].[F-],PQXKHYXIUOZZFA-UHFFFAOYSA-M,7789-24-4,26.0,True,mp-1138,Fm-3m (#225),0.0,2.5304317839422974,MP_DFT,8048.0,19.992743234328273,0.091546571813847,2.187821936023529,0.011519426763434832,True,main,LiF,Li,,,1.3912735543717993,,"pubchem: 20 CAS numbers in PUG-View record, took first/primary (7789-24-4); polymorph_ambiguity: no pre-verified expected space group for this material -- took lowest energy_above_hull MP entry, please confirm polymorph match against RI.info data",,,,,,,,,,,,,,,
61,Magnesium fluoride,MgF2,rutile,24546.0,[F-].[F-].[Mg+2],ORUIBWPALBXDOA-UHFFFAOYSA-L,7783-40-6,62.302,True,mp-1249,P4_2/mnm (#136),0.0,3.187243204107256,MP_DFT,8048.0,26.331001948677585,0.2527156310606106,5.139721861417193,7.042349948804786e-06,False,main,MgF2,Li-o,o-ray,,1.3769708247064991,,"pubchem: 8 CAS numbers in PUG-View record, took first/primary (7783-40-6)",e-ray,1.3887350046032214,,Li-e,,,,,,,,,,,
62,Sodium fluoride,NaF,,5235.0,[F-].[Na+],PUZPDOWCWNUUKD-UHFFFAOYSA-M,7681-49-4,41.9881724,True,mp-682,Fm-3m (#225),0.0,2.918620460983815,MP_DFT,8048.0,23.84327417269762,0.20903180343627648,3.886303241118969,6.281361827505082e-05,False,main,NaF,Li,,,1.3245426942930525,,"pubchem: 19 CAS numbers in PUG-View record, took first/primary (7681-49-4); polymorph_ambiguity: no pre-verified expected space group for this material -- took lowest energy_above_hull MP entry, please confirm polymorph match against RI.info data",,,,,,,,,,,,,,,
63,Lead(II) fluoride,PbF2,,24549.0,F[Pb]F,FPHIOHCCQGUGKU-UHFFFAOYSA-L,7783-46-2,245.0,True,mp-315,Fm-3m (#225),0.0,7.8661480579469485,MP_DFT,8048.0,52.4940578232944,4.924155261394269,4.0011671689651305,1.021854446867575e-05,False,main,PbF2,Malitson,,,1.7611025400617186,,"pubchem: 10 CAS numbers in PUG-View record, took first/primary (7783-46-2); polymorph_ambiguity: no pre-verified expected space group for this material -- took lowest energy_above_hull MP entry, please confirm polymorph match against RI.info data",,,,,,,,,,,,,,,
64,Rubidium fluoride,RbF,,83473.0,[F-].[Rb+],AHLATJUETSFVIM-UHFFFAOYSA-M,13446-74-7,104.466,True,mp-11718,Fm-3m (#225),0.0,3.883571769603445,MP_DFT,8048.0,28.791738249716534,1.0437712878779035,2.850829688411785,2.42552464932161e-05,False,main,RbF,Li,,,1.3967780753628751,,"pubchem: 7 CAS numbers in PUG-View record, took first/primary (13446-74-7); polymorph_ambiguity: no pre-verified expected space group for this material -- took lowest energy_above_hull MP entry, please confirm polymorph match against RI.info data",,,,,,,,,,,,,,,
65,Strontium fluoride,SrF2,,82210.0,[F-].[F-].[Sr+2],FVRNDBHWWSPNOM-UHFFFAOYSA-L,7783-48-4,125.62,True,mp-981,Fm-3m (#225),0.0,4.279509437130494,MP_DFT,8048.0,32.255153351063356,1.1303353401123086,3.7602110320381796,7.412308253690391e-05,False,main,SrF2,Li,,,1.4371141696632062,,"pubchem: 8 CAS numbers in PUG-View record, took first/primary (7783-48-4); polymorph_ambiguity: no pre-verified expected space group for this material -- took lowest energy_above_hull MP entry, please confirm polymorph match against RI.info data",,,,,,,,,,,,,,,
66,Thorium(IV) fluoride,ThF4,,,,,,,,mp-31034,C2/c (#15),0.0,6.155518777489177,MP_DFT,8048.0,41.69140839457559,4.540557665143416,3.962412364252431,0.00024792791966209485,False,main,ThF4,Heitmann,,,1.5106242158638712,,"pubchem: not found by name; polymorph_ambiguity: no pre-verified expected space group for this material -- took lowest energy_above_hull MP entry, please confirm polymorph match against RI.info data",,,,,,,,,,,,,,,
67,Yttrium lithium fluoride (YLF),YLiF4,scheelite,22645984.0,[Li+].[F-].[F-].[F-].[F-].[Y+3],HIQSCMNRKRMPJT-UHFFFAOYSA-J,39345-89-6,171.9,True,mp-3700,I4_1/a (#88),0.0,4.022369463427577,MP_DFT,8048.0,30.998023915339136,0.9250887081482791,4.008468649513482,0.0028153087375085793,True,main,YLiF4,Barnes-o,o-ray,,1.4527488895425058,,,e-ray,1.475337580692146,,Barnes-e,,,,,,,,,,,
68,Ytterbium(III) fluoride,YbF3,YF3-type,83711.0,F[Yb](F)F,XASAPYQVQBKMIN-UHFFFAOYSA-K,13760-80-0,230.04,True,mp-22072,Pnma (#62),0.0,8.481905665318404,MP_DFT,8048.0,56.258900449619716,3.054734529826694,6.50995604380853,0.00444267411882729,False,main,YbF3,Amotchkina,,,1.5010621383137213,,"pubchem: 7 CAS numbers in PUG-View record, took first/primary (13760-80-0)",,,,,,,,,,,,,,,
69,Aluminium nitride,AlN,wurtzite,90455.0,N#[Al],PIGFYZPCRLYGLF-UHFFFAOYSA-N,24304-00-5,40.988,True,mp-661,P6_3mc (#186),0.0,3.2008897176145172,MP_DFT,8048.0,26.82918887140572,0.3444408104471419,6.023853582098812,0.0002786910027599947,False,main,AlN,Pastrnak-o,o-ray,,2.1496185030803736,,"pubchem: 8 CAS numbers in PUG-View record, took first/primary (24304-00-5)",e-ray,2.1945468448403713,,Pastrnak-e,,,,,,,,,,,
70,Boron nitride (hexagonal),BN,h-BN,66227.0,B#N,PZNSFCLAULLKQX-UHFFFAOYSA-N,10043-11-5,24.82,True,mp-629015,P6_3/mmc (#194),0.0017454250000010774,2.218149997599205,MP_DFT,8048.0,18.26533124224828,0.034028035506059574,7.8908993339584494,0.11509135696250063,True,main,BN,Zotev-o,o-ray,,2.12669,,"pubchem: 10 CAS numbers in PUG-View record, took first/primary (10043-11-5)",e-ray,1.5670725,,Zotev-e,,,,,,,,,,,
71,Gallium nitride,GaN,wurtzite,117559.0,N#[Ga],JMASRVWKEDWRBT-UHFFFAOYSA-N,25617-97-4,83.73,True,mp-804,P6_3mc (#186),0.0,6.080976828616325,MP_DFT,8048.0,45.28722610078423,1.011063134441671,7.281237999521329,0.0005655570618031157,False,main,GaN,Barker-o,o-ray,,2.384821089922671,,"pubchem: 5 CAS numbers in PUG-View record, took first/primary (25617-97-4)",e-ray,2.3117544092870763,,Barker-e,,,,,,,,,,,
72,Arsenic trisulfide,As2S3,amorphous,71586773.0,S1[As]2S[As]1S2,UKUVVAMSXXBMRX-UHFFFAOYSA-N,1303-33-9,246.0,True,,,,3.2,literature,8048.0,24.96729427128827,0.8263422903810541,1.6998264481686955,0.0002306753097103895,False,main,As2S3,Rodney,,,2.606235189598016,,"pubchem: 8 CAS numbers in PUG-View record, took first/primary (1303-33-9); no MP structure match. Density = 3.2 g/cm3 (literature: AMTIR-6 (Amorphous Materials, Inc.) product datasheet for amorphous As40S60 glass -- 'Density 3.2 gms/cm3'. Cross-validated: the same datasheet cites 'Malitson, Rodney, King, J. Opt. Soc. Amer. 48, 633 (1958)' for its own refractive index table -- the exact paper backing RI.info's 'Rodney' optical dataset used here, so density and optical constants trace to the same physical glass state.). Verify before use.; RI.info default dataset is amorphous/glass",,,,,,,AMTIR-6 (As2S3) product datasheet,"Amorphous Materials, Inc.",,,,,,,
73,Cadmium sulfide,CdS,greenockite,14783.0,S=[Cd],CJOBVZJTOIVNNF-UHFFFAOYSA-N,68859-25-6,144.48,True,mp-672,P6_3mc (#186),0.0,4.7022848002774404,MP_DFT,8048.0,35.62136079095398,2.915587791101324,1.5047407250901192,0.1373859503703476,False,main,CdS,Ninomiya-o,o-ray,,2.261078694158076,0.043170848797250874,"pubchem: 13 CAS numbers in PUG-View record, took first/primary (68859-25-6)",e-ray,2.281978694158076,0.07113363917525774,Ninomiya-e,,,,,,,,,,,
74,Gallium sulfide,GaS,beta-GaS (2H),,,,,,False,mp-2507,P6_3/mmc (#194),0.0,3.775576281211821,MP_DFT,8048.0,28.986770268591947,0.851379404281672,2.2640325019978964,0.00020375724731017526,False,main,GaS,Kato-o,o-ray,,2.7151659538272668,,"pubchem: formula mismatch (target=GaS, pubchem=Ga2S3) -- pubchem fields NULLed",e-ray,2.360253450660867,,Kato-e,,,,,,,,,,,
75,Germanium disulfide,GeS2,,82816.0,S=[Ge]=S,YIZVROFXIVWAAZ-UHFFFAOYSA-N,12025-34-2,136.8,True,mp-572892,P2_1/c (#14),0.0,2.7686840503790178,MP_DFT,8048.0,21.841906506134233,0.6942277709122194,1.6922134477898212,0.00011053374464944593,False,main,GeS2,Slavich-alpha,alpha-axis,,2.29735,0.0,"pubchem: 5 CAS numbers in PUG-View record, took first/primary (12025-34-2); polymorph_ambiguity: no pre-verified expected space group for this material -- took lowest energy_above_hull MP entry, please confirm polymorph match against RI.info data",beta-axis,2.38486,0.0,Slavich-beta,,,,,,,gamma-axis,1.97382,,Slavich-gamma,
76,Mercury(II) sulfide (cinnabar),HgS,cinnabar,10220267.0,[S-2].[Hg+2],LGZXYFMMLRYXLK-UHFFFAOYSA-N,1344-48-5,232.66,True,mp-9252,P3_221 (#154),0.0038805250000009117,8.176,experimental lattice params,8048.0,55.128339105725985,5.137019364080776,3.268048875177355,0.02194199757224913,False,main,HgS,Bond-o,o-ray,,2.8853013634686575,,"pubchem: 6 CAS numbers in PUG-View record, took first/primary (1344-48-5); density overridden from MP_DFT (6.9952 g/cm3) to experimental value (8.176 g/cm3): experimental (mineralogical): trigonal cinnabar, a=4.145(2) A, c=9.496(2) A, Z=3, specific gravity 8.176 (P3_121 #152 setting; mp-9252's P3_221 #154 is the enantiomorphic mirror of the same physical structure) -- both MP DFT relaxations diverge from this by 10-14%, so the citable experimental value is used instead.",e-ray,3.2324630637069593,,Bond-e,,,Cinnabar: Mineral Data (Handbook of Mineralogy),Mineral Data Publishing,,2005.0,,,,,
77,Lead(II) sulfide (galena),PbS,rock salt,14819.0,S=[Pb],XCAUINMIESBTBL-UHFFFAOYSA-N,1314-87-0,239.0,True,mp-21276,Fm-3m (#225),0.0,7.445972223397738,MP_DFT,8048.0,49.96427032085641,5.009453525183316,2.2957100337816994,3.653427981301437e-05,False,main,PbS,Zemel,,,,,"pubchem: 4 CAS numbers in PUG-View record, took first/primary (1314-87-0); [Zemel] 633nm outside n range of main/PbS/nk/Zemel.yml",,,,,,,,,,,,,,,
78,Zinc sulfide,ZnS,sphalerite,9833931.0,[S-2].[Zn+2],DRDVZXDWVBGGMH-UHFFFAOYSA-N,1314-98-3,97.4,True,mp-10695,F-43m (#216),0.0001462457142853424,4.1406497307704075,MP_DFT,8048.0,32.28886931500197,0.9043112704270417,2.1821187646722975,0.00011670952081618412,False,main,ZnS,Ozaki,,,2.368742253521127,0.03449067605633803,"pubchem: 11 CAS numbers in PUG-View record, took first/primary (1314-98-3)",,,,,,,,,,,,,,,
79,Titanium nitride,TiN,rock salt,93091.0,N#[Ti],NRTOMJZYCJJWKI-UHFFFAOYSA-N,11116-16-8,61.874,True,mp-492,Fm-3m (#225),0.0,5.386845385005554,bulk_elemental_approximation,8048.0,43.25263009642637,2.7868074941109833,3.1405379247107086,0.0011649420343898416,False,main,TiN,Pfluger,,,1.3516884373488147,2.760982099661345,"pubchem: 9 CAS numbers in PUG-View record, took first/primary (11116-16-8); density relabeled bulk_elemental_approximation: no RI.info page for TiN states a measured film density; every entry is an explicit thin film (sputtered/ALD/evaporated), so MP's bulk-crystal DFT density is a stand-in, not a verified value for this sample.",,,,,,,,,,,,,,,
80,Vanadium nitride,VN,rock salt,90570.0,N#[V],SKKMWRVAJNPLFY-UHFFFAOYSA-N,24646-85-3,64.948,True,mp-925,Fm-3m (#225),0.1901050299999998,6.146479816336307,bulk_elemental_approximation,8048.0,48.357160394722364,3.5519741949138495,5.081910397650296,0.0011062262923190879,False,main,VN,Pfluger,,,2.3740832123850995,2.4985195936139335,"pubchem: 5 CAS numbers in PUG-View record, took first/primary (24646-85-3); density relabeled bulk_elemental_approximation: no RI.info page for VN states a measured film density; every entry is an explicit thin film (sputtered/ALD/evaporated), so MP's bulk-crystal DFT density is a stand-in, not a verified value for this sample.",,,,,,,,,,,,,,,
81,Europium sulfide,EuS,rock salt,,,,,,,mp-20587,Fm-3m (#225),0.0,6.005077638371176,bulk_elemental_approximation,8048.0,38.98634390393435,6.7215802608938695,1.9664298407797496,0.24310989800291927,False,main,EuS,Meretska,,deposition:evaporated;thickness:100nm,2.141,0.043,"pubchem: not found by name; density relabeled bulk_elemental_approximation: no RI.info page for EuS states a measured film density; every entry is an explicit thin film (sputtered/ALD/evaporated), so MP's bulk-crystal DFT density is a stand-in, not a verified value for this sample.",,,,,,,,,,,,,,,
