idx,name,formula,polymorph,pubchem_cid,smiles,inchikey,cas_number,molecular_weight,pubchem_formula_match,mp_id,mp_space_group,mp_energy_above_hull_ev,density_g_cm3,density_source,xray_energy_ev,xray_sld_real,xray_sld_imag,neutron_sld_real,neutron_sld_imag,strong_neutron_absorber,ri_shelf,ri_book,ri_wl_min_nm,ri_wl_max_nm,ri_page_primary,axis_primary,n_633,k_633,axis_2,n_633_axis2,k_633_axis2,ri_page_axis2,flags,axis_3,n_633_axis3,k_633_axis3,ri_page_axis3,density_citation_doi,density_citation_title,density_citation_authors,density_citation_journal,density_citation_year,materialclass,selection_key,density_temperature_c,density_citation_notes
1,Water,H2O,liquid,962.0,O,XLYOFNOQVPJJNP-UHFFFAOYSA-N,7732-18-5,18.015,,,,,0.997085,literature,8048.0,9.441597485537375,0.03165951639067285,-0.5593281229671232,6.167446706159055e-05,False,main,H2O,,,Segelstein,,1.3314546485461962,1.531939859171943e-08,,,,,"pubchem: 19 CAS numbers in PUG-View record, took first/primary (7732-18-5); density = CIPM water formula at 24.85 degC (Tanaka et al. 2001), not a PubChem record (HSDB's 0.9950 g/cm3 at 25 degC is 0.2% below the metrological value); additional dataset ice | Warren2008 (-7 degC): n(633 nm)=1.30844; additional dataset liquid | Hale1973 (24.85 degC): n(633 nm)=1.33168; additional dataset ice | Warren1984 (-7 degC): n(633 nm)=1.30844; additional dataset liquid | Kedenburg2012 (19.85 degC): n(633 nm)=1.3318635612136946; additional dataset liquid | Daimon2007-19.0C (19 degC): n(633 nm)=1.3321889148130792; additional dataset liquid | Daimon2007-20.0C (20 degC): n(633 nm)=1.3321006363507388; additional dataset liquid | Daimon2007-21.5C (21.5 degC): n(633 nm)=1.3319625169243956; additional dataset liquid | Daimon2007-24.0C (24 degC): n(633 nm)=1.3317171087660804; additional dataset liquid | Bashkatov2003 (20 degC): n(633 nm)=1.3313445377844262; additional dataset amorphous ice | Kofman2019-10K (-263.15 degC): n(633 nm)=1.1897624544235967; additional dataset amorphous ice | Kofman2019-30K (-243.15 degC): n(633 nm)=1.2175425192538363; additional dataset amorphous ice | Kofman2019-50K (-223.15 degC): n(633 nm)=1.2275631986549291; additional dataset amorphous ice | Kofman2019-70K (-203.15 degC): n(633 nm)=1.246393797469071; additional dataset amorphous ice | Kofman2019-90K (-183.15 degC): n(633 nm)=1.260245944796613; additional dataset amorphous ice | Kofman2019-110K (-163.15 degC): n(633 nm)=1.2788345460239678; additional dataset amorphous ice | Kofman2019-130K (-143.15 degC): n(633 nm)=1.300929349839936; additional dataset crystalline ice | Kofman2019 (-123.15 degC): n(633 nm)=1.3043134161619054; additional dataset supercooled liquid | Rowe2020-240K (-33.15 degC): n(633 nm)=None; additional dataset supercooled liquid | Rowe2020-253K (-20.15 degC): n(633 nm)=None; additional dataset supercooled liquid | Rowe2020-263K (-10.15 degC): n(633 nm)=None; additional dataset supercooled liquid | Rowe2020-273K (0 degC): n(633 nm)=None; additional dataset liquid | Afsar1977 (19 degC): n(633 nm)=None; 23 datasets loaded; n_633/k_633 columns are the primary (liquid | Segelstein1981, widest span covering 633 nm); k-only page(s) ['Wang'] listed but not loaded (no n); one compound, several phases: each dataset is labelled with the phase its page states",,,,,10.1088/0026-1394/38/4/3,Recommended table for the density of water between 0 C and 40 C based on recent experimental reports,"M. Tanaka, G. Girard, R. Davis, A. Peuto, N. Bignell",Metrologia,2001.0,liquid,H2O,24.85,CIPM formula for SMOW evaluated at 24.85 degC (the primary optical dataset's temperature).
2,Heavy water (D2O),D2O,liquid,24602.0,[2H]O[2H],XLYOFNOQVPJJNP-ZSJDYOACSA-N,7789-20-0,20.028,,,,,1.10536,literature,8048.0,9.415231391658908,0.03157110573955348,6.3617119271242,1.1350448400697406e-07,False,main,H2O,,,Kedenburg-D2O,,1.3270391562455115,2.9114959540535643e-08,,,,,"pubchem: 11 CAS numbers in PUG-View record, took first/primary (7789-20-0); density = NIST SRD 69 reference equation of state at 19.85 degC and 1 atm (the primary optical dataset's temperature); preferred over PubChem records; PubChem cross-check: 1.1044 g/cm3 at 25 degC (Hazardous Substances Data Bank (HSDB)); additional dataset liquid | Sarkar2022: n(633 nm)=1.3269960902867106; additional dataset liquid | Afsar1977 (19.5 degC): n(633 nm)=None; 3 datasets loaded; n_633/k_633 columns are the primary (liquid | Kedenburg2012, widest span covering 633 nm); k-only page(s) ['Wang-D2O'] listed but not loaded (no n); its pages sit in the H2O book; a different compound (different InChIKey)",,,,,10.18434/T4D303,"NIST Chemistry WebBook, NIST Standard Reference Database 69: Thermophysical Properties of Fluid Systems","E. W. Lemmon, I. H. Bell, M. L. Huber, M. O. McLinden",,,liquid,D2O,19.85,"Reference equation of state for Heavy water (D2O) (CAS 7789-20-0) at 19.85 degC, 0.101325 MPa: https://webbook.nist.gov/cgi/fluid.cgi?Action=Data&Wide=on&ID=C7789200&Type=IsoBar&Digits=6&P=0.101325&THigh=20.85&TLow=19.85&TInc=1&RefState=DEF&TUnit=C&PUnit=MPa&DUnit=g%2Fml&HUnit=kJ%2Fmol&WUnit=m%2Fs&VisUnit=uPa*s&STUnit=N%2Fm"
3,Carbon disulfide,CS2,,6348.0,C(=S)=S,QGJOPFRUJISHPQ-UHFFFAOYSA-N,75-15-0,76.15,,,,,1.2632,literature,8048.0,10.893956202843702,0.31270848076825514,1.2331584280905876,2.9551484084382858e-05,False,main,CS2,,,Chang,,1.617321306027396,,,,,,"pubchem: 23 CAS numbers in PUG-View record, took first/primary (75-15-0); density 1.2632 g/cm3 at 20 degC from Hazardous Substances Data Bank (HSDB) via PubChem ('1.2632 g/cu cm at 20 °C'); consistent with 2 other record(s): CAMEO Chemicals '1.2632 at 68 °F (EPA, 1998) - Dens'; PAC Chemical Database, U.S.  '1.2632 @25 °C'; additional dataset Kedenburg2012 (20 degC): n(633 nm)=1.6210275754030776; additional dataset Ghosal1993 (24.85 degC): n(633 nm)=None; 3 datasets loaded; n_633/k_633 columns are the primary (Chang2024, widest span covering 633 nm); page Chemnitz NOT loaded: the Sellmeier fit (stated for 0.3-12 um) has a pole inside its range at CS2's ~6.5 um absorption band: n^2 <= 0 from 6.477 to 6.592 um and n > 5 up to 6.605 um, which the pipeline would store as floored n ~1e-15. Same open decision as GaSe (load the fit with that window removed?); CS2's other three papers are loaded",,,,,,Hazardous Substances Data Bank (HSDB) via PubChem CID 6348: density of Carbon disulfide,,,,liquid,CS2,20.0,PubChem record text: '1.2632 g/cu cm at 20 °C'. https://pubchem.ncbi.nlm.nih.gov/compound/6348
4,Mercury (liquid),Hg,,23931.0,[Hg],QSHDDOUJBYECFT-UHFFFAOYSA-N,7439-97-6,200.59,,,,,13.5336,literature,8048.0,87.13500724107901,9.231996271969741,5.117393368465372,0.042065299299951245,False,main,Hg,,,Inagaki,,1.980955975609756,5.231633205574913,,,,,"pubchem: 20 CAS numbers in PUG-View record, took first/primary (7439-97-6); density 13.5336 g/cm3 at 25 degC from PAC Chemical Database, U.S. Department of Energy via PubChem ('13.5336 @25 °C'); consistent with 2 other record(s): CAMEO Chemicals '13.55 at 68 °F (USCG, 1999) - Dens'; Hazardous Substances Data Ba '13.534 @ 25 °C'; liquid metal at room temperature",,,,,,"PAC Chemical Database, U.S. Department of Energy via PubChem CID 23931: density of Mercury (liquid)",,,,liquid,Hg,25.0,PubChem record text: '13.5336 @25 °C'. https://pubchem.ncbi.nlm.nih.gov/compound/23931
5,n-Pentane,C5H12,,8003.0,CCCCC,OFBQJSOFQDEBGM-UHFFFAOYSA-N,109-66-0,72.15,,,,,0.626342,literature,8048.0,6.2013945107219755,0.007073047494648425,-0.6092912028736398,5.827790825382452e-05,False,organic,pentane,,,Kerl-293K,,1.3572850743423703,,,,,,"pubchem: 26 CAS numbers in PUG-View record, took first/primary (109-66-0); density = NIST SRD 69 reference equation of state at 19.85 degC and 1 atm (the primary optical dataset's temperature); preferred over PubChem records; PubChem cross-check: 0.6262 g/cm3 at 20 degC (Hazardous Substances Data Bank (HSDB)); additional dataset Kerl1995-313K (39.85 degC): n(633 nm)=1.3454886285018306; additional dataset Kerl1995-333K (59.85 degC): n(633 nm)=1.333692182661291; 3 datasets loaded; n_633/k_633 columns are the primary (Kerl1995-293K, widest span covering 633 nm)",,,,,10.18434/T4D303,"NIST Chemistry WebBook, NIST Standard Reference Database 69: Thermophysical Properties of Fluid Systems","E. W. Lemmon, I. H. Bell, M. L. Huber, M. O. McLinden",,,liquid,n-C5H12,19.85,"Reference equation of state for n-Pentane (CAS 109-66-0) at 19.85 degC, 0.101325 MPa: https://webbook.nist.gov/cgi/fluid.cgi?Action=Data&Wide=on&ID=C109660&Type=IsoBar&Digits=6&P=0.101325&THigh=20.85&TLow=19.85&TInc=1&RefState=DEF&TUnit=C&PUnit=MPa&DUnit=g%2Fml&HUnit=kJ%2Fmol&WUnit=m%2Fs&VisUnit=uPa*s&STUnit=N%2Fm"
6,Isopentane (2-methylbutane),C5H12,,6556.0,CCC(C)C,QWTDNUCVQCZILF-UHFFFAOYSA-N,78-78-4,72.15,,,,,0.620063,literature,8048.0,6.139226308473327,0.00700214108055054,-0.6031831349764789,5.7693679532254256e-05,False,organic,pentane,,,Anderson,,,,,,,,"pubchem: 19 CAS numbers in PUG-View record, took first/primary (78-78-4); density = NIST SRD 69 reference equation of state at 20 degC and 1 atm (the primary optical dataset's temperature); preferred over PubChem records; PubChem cross-check: no consistent PubChem record; [Anderson] 633nm outside n range of organic/C5H12 - pentane/nk/Anderson.yml",,,,,10.18434/T4D303,"NIST Chemistry WebBook, NIST Standard Reference Database 69: Thermophysical Properties of Fluid Systems","E. W. Lemmon, I. H. Bell, M. L. Huber, M. O. McLinden",,,liquid,i-C5H12,20.0,"Reference equation of state for Isopentane (2-methylbutane) (CAS 78-78-4) at 20 degC, 0.101325 MPa: https://webbook.nist.gov/cgi/fluid.cgi?Action=Data&Wide=on&ID=C78784&Type=IsoBar&Digits=6&P=0.101325&THigh=21&TLow=20&TInc=1&RefState=DEF&TUnit=C&PUnit=MPa&DUnit=g%2Fml&HUnit=kJ%2Fmol&WUnit=m%2Fs&VisUnit=uPa*s&STUnit=N%2Fm"
7,n-Hexane,C6H14,,8058.0,CCCCCC,VLKZOEOYAKHREP-UHFFFAOYSA-N,110-54-3,86.18,,,,,0.657712,literature,8048.0,6.490650152586785,0.007461989700268867,-0.574026354768995,5.978263943344529e-05,False,organic,hexane,,,Kozma,,1.3743353318191582,,,,,,"pubchem: 29 CAS numbers in PUG-View record, took first/primary (110-54-3); density = NIST SRD 69 reference equation of state at 21.85 degC and 1 atm (the primary optical dataset's temperature); preferred over PubChem records; PubChem cross-check: no consistent PubChem record; additional dataset Kerl1995-293K (19.85 degC): n(633 nm)=1.3531245690075844; additional dataset Kerl1995-313K (39.85 degC): n(633 nm)=1.363907317281183; additional dataset Kerl1995-333K (59.85 degC): n(633 nm)=1.3526760813525702; 4 datasets loaded; n_633/k_633 columns are the primary (Kozma2005, widest span covering 633 nm)",,,,,10.18434/T4D303,"NIST Chemistry WebBook, NIST Standard Reference Database 69: Thermophysical Properties of Fluid Systems","E. W. Lemmon, I. H. Bell, M. L. Huber, M. O. McLinden",,,liquid,n-C6H14,21.85,"Reference equation of state for n-Hexane (CAS 110-54-3) at 21.85 degC, 0.101325 MPa: https://webbook.nist.gov/cgi/fluid.cgi?Action=Data&Wide=on&ID=C110543&Type=IsoBar&Digits=6&P=0.101325&THigh=22.85&TLow=21.85&TInc=1&RefState=DEF&TUnit=C&PUnit=MPa&DUnit=g%2Fml&HUnit=kJ%2Fmol&WUnit=m%2Fs&VisUnit=uPa*s&STUnit=N%2Fm"
8,n-Heptane,C7H16,,8900.0,CCCCCCC,IMNFDUFMRHMDMM-UHFFFAOYSA-N,142-82-5,100.2,,,,,0.683973,literature,8048.0,6.733830178678054,0.007785907737971868,-0.5476903540890576,6.111078509953168e-05,False,organic,heptane,,,Kerl-293K,,1.3875254692387862,,,,,,"pubchem: 22 CAS numbers in PUG-View record, took first/primary (142-82-5); density = NIST SRD 69 reference equation of state at 19.85 degC and 1 atm (the primary optical dataset's temperature); preferred over PubChem records; PubChem cross-check: no consistent PubChem record; additional dataset Kerl1995-313K (39.85 degC): n(633 nm)=1.3772297060239238; additional dataset Kerl1995-333K (59.85 degC): n(633 nm)=1.3669339586068496; 3 datasets loaded; n_633/k_633 columns are the primary (Kerl1995-293K, widest span covering 633 nm)",,,,,10.18434/T4D303,"NIST Chemistry WebBook, NIST Standard Reference Database 69: Thermophysical Properties of Fluid Systems","E. W. Lemmon, I. H. Bell, M. L. Huber, M. O. McLinden",,,liquid,n-C7H16,19.85,"Reference equation of state for n-Heptane (CAS 142-82-5) at 19.85 degC, 0.101325 MPa: https://webbook.nist.gov/cgi/fluid.cgi?Action=Data&Wide=on&ID=C142825&Type=IsoBar&Digits=6&P=0.101325&THigh=20.85&TLow=19.85&TInc=1&RefState=DEF&TUnit=C&PUnit=MPa&DUnit=g%2Fml&HUnit=kJ%2Fmol&WUnit=m%2Fs&VisUnit=uPa*s&STUnit=N%2Fm"
9,n-Octane,C8H18,,356.0,CCCCCCCC,TVMXDCGIABBOFY-UHFFFAOYSA-N,111-65-9,114.23,,,,,0.702731,literature,8048.0,6.906121739964239,0.008019571639001279,-0.5245326743343942,6.196603986023365e-05,False,organic,octane,,,Kerl-293K,,1.3974815156922702,,,,,,"pubchem: 20 CAS numbers in PUG-View record, took first/primary (111-65-9); density = NIST SRD 69 reference equation of state at 19.85 degC and 1 atm (the primary optical dataset's temperature); preferred over PubChem records; PubChem cross-check: no consistent PubChem record; additional dataset Kerl1995-313K (39.85 degC): n(633 nm)=1.3876683540217476; additional dataset Kerl1995-333K (59.85 degC): n(633 nm)=1.3778551765534368; additional dataset Myers2018 (25.85 degC): n(633 nm)=None; 4 datasets loaded; n_633/k_633 columns are the primary (Kerl1995-293K, widest span covering 633 nm); [Myers] the page's COMMENTS say 'Isopropanol' (a copy error in refractiveindex.info); its title and book identify n-Octane",,,,,10.18434/T4D303,"NIST Chemistry WebBook, NIST Standard Reference Database 69: Thermophysical Properties of Fluid Systems","E. W. Lemmon, I. H. Bell, M. L. Huber, M. O. McLinden",,,liquid,n-C8H18,19.85,"Reference equation of state for n-Octane (CAS 111-65-9) at 19.85 degC, 0.101325 MPa: https://webbook.nist.gov/cgi/fluid.cgi?Action=Data&Wide=on&ID=C111659&Type=IsoBar&Digits=6&P=0.101325&THigh=20.85&TLow=19.85&TInc=1&RefState=DEF&TUnit=C&PUnit=MPa&DUnit=g%2Fml&HUnit=kJ%2Fmol&WUnit=m%2Fs&VisUnit=uPa*s&STUnit=N%2Fm"
10,"Isooctane (2,2,4-trimethylpentane)",C8H18,,10907.0,CC(C)CC(C)(C)C,NHTMVDHEPJAVLT-UHFFFAOYSA-N,540-84-1,114.23,,,,,0.691923,literature,8048.0,6.799905614924168,0.00789623065891882,-0.5164653638781795,6.1013002412320574e-05,False,organic,octane,,,Anderson,,,,,,,,"pubchem: 23 CAS numbers in PUG-View record, took first/primary (540-84-1); density 0.691923 g/cm3 at 20 degC from Hazardous Substances Data Bank (HSDB) via PubChem ('0.69194 @ 20 °C/4 °C'); consistent with 1 other record(s): PAC Chemical Database, U.S.  '0.692 @ 20°C'; [Anderson] 633nm outside n range of organic/C8H18 - octane/nk/Anderson.yml",,,,,,"Hazardous Substances Data Bank (HSDB) via PubChem CID 10907: density of Isooctane (2,2,4-trimethylpentane)",,,,liquid,i-C8H18,20.0,PubChem record text: '0.69194 @ 20 °C/4 °C'. https://pubchem.ncbi.nlm.nih.gov/compound/10907
11,Bromoform,CHBr3,,5558.0,C(Br)(Br)Br,DIKBFYAXUHHXCS-UHFFFAOYSA-N,75-25-2,252.73,,,,,2.8788,literature,8048.0,21.26175462550486,0.7720445138768864,1.5966797841711504,0.00040128176426858263,False,organic,bromoform,,,Ghosal,,,,,,,,"pubchem: 21 CAS numbers in PUG-View record, took first/primary (75-25-2); density 2.8788 g/cm3 at 25 degC from Hazardous Substances Data Bank (HSDB) via PubChem ('2.8788 g/cu cm at 25 °C'); consistent with 2 other record(s): CAMEO Chemicals '2.8912 at 68 °F (USCG, 1999) - Den'; PAC Chemical Database, U.S.  '2.8788 @25 °C'; [Ghosal] 633nm outside n range of organic/CHBr3 - bromoform/nk/Ghosal.yml",,,,,,Hazardous Substances Data Bank (HSDB) via PubChem CID 5558: density of Bromoform,,,,liquid,CHBr3,25.0,PubChem record text: '2.8788 g/cu cm at 25 °C'. https://pubchem.ncbi.nlm.nih.gov/compound/5558
12,Dichloromethane,CH2Cl2,,6344.0,C(Cl)Cl,YMWUJEATGCHHMB-UHFFFAOYSA-N,75-09-2,84.93,,,,,,,8048.0,,,,,False,organic,dichloromethane,,,Chang,,1.421790154559708,,,,,,"pubchem: 23 CAS numbers in PUG-View record, took first/primary (75-09-2); PubChem density records are physically inconsistent (a wrong value or temperature label), so none is used: CAMEO Chemicals '1.322 at 68 °F (USCG, 1999) - Dens' vs PAC Chemical Database, U.S.  '1.3266 @ 20°C'; SLD: no density available, xray/neutron SLD left NULL; additional dataset Li2022: n(633 nm)=1.4232122291024827; additional dataset Bertie1995 (24.85 degC): n(633 nm)=None; 3 datasets loaded; n_633/k_633 columns are the primary (Chang2024, widest span covering 633 nm)",,,,,,,,,,liquid,CH2Cl2,,
13,Chloroform,CHCl3,,6212.0,C(Cl)(Cl)Cl,HEDRZPFGACZZDS-UHFFFAOYSA-N,67-66-3,119.37,,,,,1.4788,literature,8048.0,12.429771284643325,0.4424561421578452,2.3607978015158397,0.0020920166942981298,False,organic,chloroform,,,Chang,,1.4429472869932907,,,,,,"pubchem: 22 CAS numbers in PUG-View record, took first/primary (67-66-3); density 1.4788 g/cm3 at 25 degC from Hazardous Substances Data Bank (HSDB) via PubChem ('1.4788 g/cu cm at 25 °C'); consistent with 2 other record(s): CAMEO Chemicals '1.4832 at 68 °F (EPA, 1998) - Dens'; PAC Chemical Database, U.S.  '1.4788 @25 °C'; additional dataset Kedenburg2012 (19.85 degC): n(633 nm)=1.4422675509085385; 2 datasets loaded; n_633/k_633 columns are the primary (Chang2024, widest span covering 633 nm)",,,,,,Hazardous Substances Data Bank (HSDB) via PubChem CID 6212: density of Chloroform,,,,liquid,CHCl3,25.0,PubChem record text: '1.4788 g/cu cm at 25 °C'. https://pubchem.ncbi.nlm.nih.gov/compound/6212
14,Carbon tetrachloride,CCl4,,5943.0,C(Cl)(Cl)(Cl)Cl,VZGDMQKNWNREIO-UHFFFAOYSA-N,56-23-5,153.8,,,,,1.594,literature,8048.0,13.276541201299638,0.49294247855878437,2.806187998188869,0.002325671026348344,False,organic,carbon_tetrachloride,,,Chang,,1.456390267271562,,,,,,"pubchem: 21 CAS numbers in PUG-View record, took first/primary (56-23-5); density 1.594 g/cm3 at 20 degC from Hazardous Substances Data Bank (HSDB) via PubChem ('1.5940 g/cu cm at 20 °C'); consistent with 2 other record(s): CAMEO Chemicals '1.59 at 68 °F (USCG, 1999) - Dense'; PAC Chemical Database, U.S.  '1.5940 @ 20°C'; additional dataset Moutzouris2013 (26.85 degC): n(633 nm)=1.4551192725942868; additional dataset Kedenburg2012 (19.85 degC): n(633 nm)=1.4579065574919017; additional dataset Ghosal1993 (24.85 degC): n(633 nm)=None; 4 datasets loaded; n_633/k_633 columns are the primary (Chang2024, widest span covering 633 nm)",,,,,,Hazardous Substances Data Bank (HSDB) via PubChem CID 5943: density of Carbon tetrachloride,,,,liquid,CCl4,20.0,PubChem record text: '1.5940 g/cu cm at 20 °C'. https://pubchem.ncbi.nlm.nih.gov/compound/5943
15,Bromotrichloromethane,CBrCl3,,6383.0,C(Cl)(Cl)(Cl)Br,XNNQFQFUQLJSQT-UHFFFAOYSA-N,75-62-7,198.27,,,,,2.012,literature,8048.0,15.920754834799455,0.5911586015568289,2.5774239287579466,0.0018252887432721348,False,organic,bromotrichloromethane,,,Chang,,1.5020464050741582,,,,,,"pubchem: 13 CAS numbers in PUG-View record, took first/primary (75-62-7); density 2.012 g/cm3 at 25 degC from Hazardous Substances Data Bank (HSDB) via PubChem ('2.012 @ 25 °C'); consistent with 1 other record(s): PAC Chemical Database, U.S.  '2.012 @25 °C'; refractiveindex.info about.yml for this book lists the formula CH4 (a copy error); the catalog title, folder name and data identify the compound",,,,,,Hazardous Substances Data Bank (HSDB) via PubChem CID 6383: density of Bromotrichloromethane,,,,liquid,CBrCl3,25.0,PubChem record text: '2.012 @ 25 °C'. https://pubchem.ncbi.nlm.nih.gov/compound/6383
16,Perfluorohexane,C6F14,,9639.0,C(C(C(C(F)(F)F)(F)F)(F)F)(C(C(F)(F)F)(F)F)(F)F,ZJIJAJXFLBMLCK-UHFFFAOYSA-N,355-42-0,338.04,,,,,,,8048.0,,,,,False,organic,perfluorohexane,,,Chang,,1.2508555757613729,,,,,,"pubchem: 12 CAS numbers in PUG-View record, took first/primary (355-42-0); PubChem density records are physically inconsistent (a wrong value or temperature label), so none is used: Hazardous Substances Data Ba '1.6910 g/cu cm at 20 °C' vs PAC Chemical Database, U.S.  '1.6995 @ 20°C'; SLD: no density available, xray/neutron SLD left NULL",,,,,,,,,,liquid,C6F14,,
17,Tetrachloroethylene,C2Cl4,,31373.0,C(=C(Cl)Cl)(Cl)Cl,CYTYCFOTNPOANT-UHFFFAOYSA-N,127-18-4,165.8,,,,,1.623,literature,8048.0,13.538688071415784,0.46715024396776966,3.042084197907678,0.002196519560086292,False,organic,tetrachloroethylene,,,Chang,,1.5013746018945509,,,,,,"pubchem: 21 CAS numbers in PUG-View record, took first/primary (127-18-4); density 1.623 g/cm3 at 20 degC from Hazardous Substances Data Bank (HSDB) via PubChem ('1.6230 g/cu cm at 20 °C'); consistent with 2 other record(s): CAMEO Chemicals '1.63 at 68 °F (USCG, 1999) - Dense'; PAC Chemical Database, U.S.  '1.623 @ 20°C'",,,,,,Hazardous Substances Data Bank (HSDB) via PubChem CID 31373: density of Tetrachloroethylene,,,,liquid,C2Cl4,20.0,PubChem record text: '1.6230 g/cu cm at 20 °C'. https://pubchem.ncbi.nlm.nih.gov/compound/31373
18,Benzene,C6H6,,241.0,C1=CC=CC=C1,UHOVQNZJYSORNB-UHFFFAOYSA-N,71-43-2,78.11,,,,,0.876974,literature,8048.0,8.023738692493156,0.01097504039407468,1.1789637045073442,3.791480464583521e-05,False,organic,benzene,,,Chang,,1.4962893221714781,,,,,,"pubchem: 24 CAS numbers in PUG-View record, took first/primary (71-43-2); density = NIST SRD 69 reference equation of state at 21.85 degC and 1 atm (the primary optical dataset's temperature); preferred over PubChem records; PubChem cross-check: no consistent PubChem record; additional dataset Moutzouris2013 (26.85 degC): n(633 nm)=1.4925074291876845; additional dataset Myers2018 (25.85 degC): n(633 nm)=None; 3 datasets loaded; n_633/k_633 columns are the primary (Chang2024, widest span covering 633 nm)",,,,,10.18434/T4D303,"NIST Chemistry WebBook, NIST Standard Reference Database 69: Thermophysical Properties of Fluid Systems","E. W. Lemmon, I. H. Bell, M. L. Huber, M. O. McLinden",,,liquid,C6H6,21.85,"Reference equation of state for Benzene (CAS 71-43-2) at 21.85 degC, 0.101325 MPa: https://webbook.nist.gov/cgi/fluid.cgi?Action=Data&Wide=on&ID=C71432&Type=IsoBar&Digits=6&P=0.101325&THigh=22.85&TLow=21.85&TInc=1&RefState=DEF&TUnit=C&PUnit=MPa&DUnit=g%2Fml&HUnit=kJ%2Fmol&WUnit=m%2Fs&VisUnit=uPa*s&STUnit=N%2Fm"
19,"1,4-Oxathiane",C4H8OS,,27596.0,C1CSCCO1,JBYHSSAVUBIJMK-UHFFFAOYSA-N,15980-15-1,104.17,,,,,1.12,literature,8048.0,10.302492548474124,0.11360016188674324,0.3439706294936953,5.770929437128889e-05,False,organic,oxathiane,,,Myers,,,,,,,,"pubchem: 8 CAS numbers in PUG-View record, took first/primary (15980-15-1); density 1.12 g/cm3 at 20 degC from PAC Chemical Database, U.S. Department of Energy via PubChem ('1.12 @ 20°C'); single record: no second PubChem record to check it against; [Myers] 633nm outside n range of organic/C4H8OS - oxathiane/nk/Myers.yml",,,,,,"PAC Chemical Database, U.S. Department of Energy via PubChem CID 27596: density of 1,4-Oxathiane",,,,liquid,C4H8OS,20.0,PubChem record text: '1.12 @ 20°C'. https://pubchem.ncbi.nlm.nih.gov/compound/27596
20,Pyridine,C5H5N,,1049.0,C1=CC=NC=C1,JUJWROOIHBZHMG-UHFFFAOYSA-N,110-86-1,79.1,,,,,0.982695,literature,8048.0,8.881533291348342,0.013990775890715032,1.7874158376959073,7.44914073660151e-05,False,organic,pyridine,,,Chang,,1.5044825561207704,,,,,,"pubchem: 22 CAS numbers in PUG-View record, took first/primary (110-86-1); density 0.982695 g/cm3 at 20 degC from Hazardous Substances Data Bank (HSDB) via PubChem ('0.98272 @ 20 °C/4 °C'); consistent with 3 other record(s): CAMEO Chemicals '0.983 at 68 °F (USCG, 1999) - Less'; Occupational Safety and Heal '0.983 at 68 °F'; PAC Chemical Database, U.S.  '0.9827 @ 20°C'",,,,,,Hazardous Substances Data Bank (HSDB) via PubChem CID 1049: density of Pyridine,,,,liquid,C5H5N,20.0,PubChem record text: '0.98272 @ 20 °C/4 °C'. https://pubchem.ncbi.nlm.nih.gov/compound/1049
21,Cyclohexane,C6H12,,8078.0,C1CCCCC1,XDTMQSROBMDMFD-UHFFFAOYSA-N,110-82-7,84.16,,,,,0.776937,literature,8048.0,7.53757387849674,0.009025438213547128,-0.27838785842156244,6.20273960864799e-05,False,organic,cyclohexane,,,Chang,,1.4240146313750013,,,,,,"pubchem: 24 CAS numbers in PUG-View record, took first/primary (110-82-7); density = NIST SRD 69 reference equation of state at 21.85 degC and 1 atm (the primary optical dataset's temperature); preferred over PubChem records; PubChem cross-check: 0.7780805475 g/cm3 at 20 degC (Hazardous Substances Data Bank (HSDB)); additional dataset Kozma2005 (21.85 degC): n(633 nm)=1.4238178557198564; additional dataset Rheims1997 (19.85 degC): n(633 nm)=1.424908278231223; additional dataset Kerl1995-293K (19.85 degC): n(633 nm)=1.4253774200847291; additional dataset Kerl1995-313K (39.85 degC): n(633 nm)=1.4135658668711395; additional dataset Kerl1995-333K (59.85 degC): n(633 nm)=1.4017543136575499; 6 datasets loaded; n_633/k_633 columns are the primary (Chang2024, widest span covering 633 nm); refractiveindex.info about.yml for this book lists the formula C6H14 (a copy error); the catalog title, folder name and data identify the compound",,,,,10.18434/T4D303,"NIST Chemistry WebBook, NIST Standard Reference Database 69: Thermophysical Properties of Fluid Systems","E. W. Lemmon, I. H. Bell, M. L. Huber, M. O. McLinden",,,liquid,C6H12,21.85,"Reference equation of state for Cyclohexane (CAS 110-82-7) at 21.85 degC, 0.101325 MPa: https://webbook.nist.gov/cgi/fluid.cgi?Action=Data&Wide=on&ID=C110827&Type=IsoBar&Digits=6&P=0.101325&THigh=22.85&TLow=21.85&TInc=1&RefState=DEF&TUnit=C&PUnit=MPa&DUnit=g%2Fml&HUnit=kJ%2Fmol&WUnit=m%2Fs&VisUnit=uPa*s&STUnit=N%2Fm"
22,Toluene,C7H8,,1140.0,CC1=CC=CC=C1,YXFVVABEGXRONW-UHFFFAOYSA-N,108-88-3,92.14,,,,,0.865171,literature,8048.0,7.988492589569988,0.010709058435906749,0.9388403230108254,4.222533109162509e-05,False,organic,toluene,,,Chang,,1.4919576782733075,,,,,,"pubchem: 23 CAS numbers in PUG-View record, took first/primary (108-88-3); density = NIST SRD 69 reference equation of state at 21.85 degC and 1 atm (the primary optical dataset's temperature); preferred over PubChem records; PubChem cross-check: no consistent PubChem record; additional dataset Kedenburg2012 (19.85 degC): n(633 nm)=1.4935963504052496; additional dataset Moutzouris2013 (26.85 degC): n(633 nm)=1.488942165093965; additional dataset Kozma2005 (21.85 degC): n(633 nm)=1.494002194215968; additional dataset Myers2018 (25.85 degC): n(633 nm)=None; 5 datasets loaded; n_633/k_633 columns are the primary (Chang2024, widest span covering 633 nm); [Myers] the page's COMMENTS say 'Isopropanol' (a copy error in refractiveindex.info); its title and book identify Toluene",,,,,10.18434/T4D303,"NIST Chemistry WebBook, NIST Standard Reference Database 69: Thermophysical Properties of Fluid Systems","E. W. Lemmon, I. H. Bell, M. L. Huber, M. O. McLinden",,,liquid,C7H8,21.85,"Reference equation of state for Toluene (CAS 108-88-3) at 21.85 degC, 0.101325 MPa: https://webbook.nist.gov/cgi/fluid.cgi?Action=Data&Wide=on&ID=C108883&Type=IsoBar&Digits=6&P=0.101325&THigh=22.85&TLow=21.85&TInc=1&RefState=DEF&TUnit=C&PUnit=MPa&DUnit=g%2Fml&HUnit=kJ%2Fmol&WUnit=m%2Fs&VisUnit=uPa*s&STUnit=N%2Fm"
23,Styrene,C8H8,,7501.0,C=CC1=CC=CC=C1,PPBRXRYQALVLMV-UHFFFAOYSA-N,100-42-5,104.15,,,,,0.9016,literature,8048.0,8.24905049083762,0.01128322666270349,1.2120697717193687,3.8979477006940946e-05,False,organic,styrene,,,Sultanova,,1.516292990671049,,,,,,"pubchem: 25 CAS numbers in PUG-View record, took first/primary (100-42-5); density 0.9016 g/cm3 at 25 degC from Hazardous Substances Data Bank (HSDB) via PubChem ('0.9016 g/cu cm at 25 °C'); consistent with 2 other record(s): CAMEO Chemicals '0.906 at 68 °F (USCG, 1999) - Less'; PAC Chemical Database, U.S.  '0.9016 @25 °C'; additional dataset Myers2018 (25.85 degC): n(633 nm)=None; 2 datasets loaded; n_633/k_633 columns are the primary (Sultanova2009, widest span covering 633 nm); [Myers] the page's COMMENTS say 'Isopropanol' (a copy error in refractiveindex.info); its title and book identify Styrene",,,,,,Hazardous Substances Data Bank (HSDB) via PubChem CID 7501: density of Styrene,,,,liquid,C8H8,25.0,PubChem record text: '0.9016 g/cu cm at 25 °C'. https://pubchem.ncbi.nlm.nih.gov/compound/7501
24,p-Xylene,C8H10,,7809.0,CC1=CC=C(C=C1)C,URLKBWYHVLBVBO-UHFFFAOYSA-N,106-42-3,106.16,,,,,0.861018,literature,8048.0,8.00341099318777,0.010571051337972424,0.7701275033880575,4.5552568735493224e-05,False,organic,xylene,,,Chang,,1.491320519858287,,,,,,"pubchem: 17 CAS numbers in PUG-View record, took first/primary (106-42-3); density 0.861018 g/cm3 at 20 degC from Hazardous Substances Data Bank (HSDB) via PubChem ('0.86104 at 20 °C/4 °C'); consistent with 1 other record(s): CAMEO Chemicals '0.861 at 68 °F (USCG, 1999) - Less'; additional dataset Li2022: n(633 nm)=1.4954441891190828; 2 datasets loaded; n_633/k_633 columns are the primary (Chang2024, widest span covering 633 nm)",,,,,,Hazardous Substances Data Bank (HSDB) via PubChem CID 7809: density of p-Xylene,,,,liquid,p-C8H10,20.0,PubChem record text: '0.86104 at 20 °C/4 °C'. https://pubchem.ncbi.nlm.nih.gov/compound/7809
25,"1,2,4-Trichlorobenzene",C6H3Cl3,,13.0,C1=CC(=C(C=C1Cl)Cl)Cl,PBKONEOXTCPAFI-UHFFFAOYSA-N,120-82-1,181.4,,,,,,,8048.0,,,,,False,organic,trichlorobenzene,,,Myers,,,,,,,,"pubchem: 21 CAS numbers in PUG-View record, took first/primary (120-82-1); PubChem density records are physically inconsistent (a wrong value or temperature label), so none is used: CAMEO Chemicals '1.454 at 68 °F (USCG, 1999) - Dens' vs PAC Chemical Database, U.S.  '1.459 @25 °C'; SLD: no density available, xray/neutron SLD left NULL; [Myers] 633nm outside n range of organic/C6H3Cl3 - trichlorobenzene/nk/Myers.yml",,,,,,,,,,liquid,C6H3Cl3,,
26,Nitrobenzene,C6H5NO2,,7416.0,C1=CC=C(C=C1)[N+](=O)[O-],LQNUZADURLCDLV-UHFFFAOYSA-N,98-95-3,123.11,,,,,1.2037,literature,8048.0,10.66084238054537,0.023788779455382096,2.4815880959847445,5.8690345516155775e-05,False,organic,nitrobenzene,,,Chang,,1.5458590608148393,,,,,,"pubchem: 21 CAS numbers in PUG-View record, took first/primary (98-95-3); density 1.2037 g/cm3 at 20 degC from Hazardous Substances Data Bank (HSDB) via PubChem ('1.2037 g/cu cm at 20 °C'); consistent with 2 other record(s): CAMEO Chemicals '1.2037 at 68 °F (EPA, 1998) - Dens'; PAC Chemical Database, U.S.  '1.205 @ 15°C'; additional dataset Kedenburg2012 (19.85 degC): n(633 nm)=1.5472475732769504; additional dataset Myers2018 (25.85 degC): n(633 nm)=None; 3 datasets loaded; n_633/k_633 columns are the primary (Chang2024, widest span covering 633 nm); [Myers] the page's COMMENTS say 'Isopropanol' (a copy error in refractiveindex.info); its title and book identify Nitrobenzene",,,,,,Hazardous Substances Data Bank (HSDB) via PubChem CID 7416: density of Nitrobenzene,,,,liquid,C6H5NO2,20.0,PubChem record text: '1.2037 g/cu cm at 20 °C'. https://pubchem.ncbi.nlm.nih.gov/compound/7416
27,Pentafluorobenzonitrile,C7F5N,,69882.0,C(#N)C1=C(C(=C(C(=C1F)F)F)F)F,YXWJGZQOGXGSSC-UHFFFAOYSA-N,773-82-0,193.07,,,,,,,8048.0,,,,,False,organic,pentafluorobenzonitrile,,,Chang,,1.4385082174946215,,,,,,"pubchem: 8 CAS numbers in PUG-View record, took first/primary (773-82-0); no PubChem density (>= 3 significant digits, stated temperature) within 10 degC of 21.85 degC (records: []); SLD: no density available, xray/neutron SLD left NULL",,,,,,,,,,liquid,C7F5N,,
28,"N,N-Dimethylaniline",C8H11N,,949.0,CN(C)C1=CC=CC=C1,JLTDJTHDQAWBAV-UHFFFAOYSA-N,121-69-7,121.18,,,,,0.9537,literature,8048.0,8.839284849198004,0.012710142612684553,1.0136431015387488,7.362899613873654e-05,False,organic,dimethylaniline,,,Li,,1.546033794885369,,,,,,"pubchem: 24 CAS numbers in PUG-View record, took first/primary (121-69-7); density 0.9537 g/cm3 at 20 degC from Hazardous Substances Data Bank (HSDB) via PubChem ('0.9537 g/cu cm at 20 °C'); consistent with 2 other record(s): CAMEO Chemicals '0.9557 at 68 °F (NTP, 1992) - Less'; PAC Chemical Database, U.S.  '0.9557 @ 20°C'",,,,,,"Hazardous Substances Data Bank (HSDB) via PubChem CID 949: density of N,N-Dimethylaniline",,,,liquid,C8H11N,20.0,PubChem record text: '0.9537 g/cu cm at 20 °C'. https://pubchem.ncbi.nlm.nih.gov/compound/949
29,Methanol,CH3OH,,887.0,CO,OKKJLVBELUTLKV-UHFFFAOYSA-N,67-56-1,32.042,,,,,0.78928,literature,8048.0,7.554168310264319,0.018104050339893797,-0.3727374452100983,5.5033588246052664e-05,False,organic,methanol,,,Chang,,1.326047963236265,,,,,,"pubchem: 22 CAS numbers in PUG-View record, took first/primary (67-56-1); density = NIST SRD 69 reference equation of state at 21.85 degC and 1 atm (the primary optical dataset's temperature); preferred over PubChem records; PubChem cross-check: 0.7914 g/cm3 at 20 degC (PAC Chemical Database, U.S. Department of Energy); additional dataset Moutzouris2013 (26.85 degC): n(633 nm)=1.3258842500537114; additional dataset Kozma2005 (21.85 degC): n(633 nm)=1.3269489408543822; additional dataset ElKashef2000 (24.85 degC): n(633 nm)=1.3263223846399577; additional dataset Myers2018 (25.85 degC): n(633 nm)=None; 5 datasets loaded; n_633/k_633 columns are the primary (Chang2024, widest span covering 633 nm)",,,,,10.18434/T4D303,"NIST Chemistry WebBook, NIST Standard Reference Database 69: Thermophysical Properties of Fluid Systems","E. W. Lemmon, I. H. Bell, M. L. Huber, M. O. McLinden",,,liquid,CH3OH,21.85,"Reference equation of state for Methanol (CAS 67-56-1) at 21.85 degC, 0.101325 MPa: https://webbook.nist.gov/cgi/fluid.cgi?Action=Data&Wide=on&ID=C67561&Type=IsoBar&Digits=6&P=0.101325&THigh=22.85&TLow=21.85&TInc=1&RefState=DEF&TUnit=C&PUnit=MPa&DUnit=g%2Fml&HUnit=kJ%2Fmol&WUnit=m%2Fs&VisUnit=uPa*s&STUnit=N%2Fm"
30,Ethanol,C2H5OH,,702.0,CCO,LFQSCWFLJHTTHZ-UHFFFAOYSA-N,64-17-5,46.07,,,,,0.7893,literature,8048.0,7.585768376318346,0.015383859429650865,-0.3453654248380203,5.746454218986008e-05,False,organic,ethanol,,,Sani,,1.3597725432138286,8.830474836747759e-08,,,,,"pubchem: 24 CAS numbers in PUG-View record, took first/primary (64-17-5); density 0.7893 g/cm3 at 20 degC from Hazardous Substances Data Bank (HSDB) via PubChem ('0.7893 g/cu cm at 20 °C'); consistent with 1 other record(s): PAC Chemical Database, U.S.  '0.7893 @ 20°C'; additional dataset Sani2016-formula: n(633 nm)=1.3594293607465517; additional dataset Chang2024 (21.85 degC): n(633 nm)=1.360154995737499; additional dataset Kedenburg2012 (19.85 degC): n(633 nm)=1.3602957689564101; additional dataset Kozma2005 (19.85 degC): n(633 nm)=1.3592868864972687; additional dataset Rheims1997 (19.85 degC): n(633 nm)=1.3604114160186458; additional dataset Myers2018 (25.85 degC): n(633 nm)=None; 7 datasets loaded; n_633/k_633 columns are the primary (Sani2016, widest span covering 633 nm); [Kozma] the page text says 22 degC but its CONDITIONS field says 19.85 degC (stored, as for every page); a refractiveindex.info inconsistency",,,,,,Hazardous Substances Data Bank (HSDB) via PubChem CID 702: density of Ethanol,,,,liquid,C2H5OH,20.0,PubChem record text: '0.7893 g/cu cm at 20 °C'. https://pubchem.ncbi.nlm.nih.gov/compound/702
31,2-Propanol (isopropanol),C3H7OH,,3776.0,CC(C)O,KFZMGEQAYNKOFK-UHFFFAOYSA-N,67-63-0,60.1,,,,,,,8048.0,,,,,False,organic,propanol,,,Sani,,1.376263281049936,6.528712187900128e-08,,,,,"pubchem: 22 CAS numbers in PUG-View record, took first/primary (67-63-0); PubChem density records are physically inconsistent (a wrong value or temperature label), so none is used: Hazardous Substances Data Ba '0.78509 at 25 °C' vs PAC Chemical Database, U.S.  '0.7809 @25 °C'; SLD: no density available, xray/neutron SLD left NULL; additional dataset Sani2016-formula: n(633 nm)=1.375787400203875; additional dataset Kozma2005 (21.85 degC): n(633 nm)=1.375216024964477; additional dataset Myers2018 (25.85 degC): n(633 nm)=None; additional dataset Wang2018-20C (20 degC): n(633 nm)=None; additional dataset Wang2018-50C (50 degC): n(633 nm)=None; additional dataset Wang2018-70C (70 degC): n(633 nm)=None; 7 datasets loaded; n_633/k_633 columns are the primary (Sani2016, widest span covering 633 nm)",,,,,,,,,,liquid,2-C3H7OH,,
32,1-Propanol,C3H7OH,,1031.0,CCCO,BDERNNFJNOPAEC-UHFFFAOYSA-N,71-23-8,60.1,,,,,,,8048.0,,,,,False,organic,propanol,,,Chang,,1.3833231812260858,,,,,,"pubchem: 23 CAS numbers in PUG-View record, took first/primary (71-23-8); PubChem density records are physically inconsistent (a wrong value or temperature label), so none is used: CAMEO Chemicals '0.803 at 68 °F (USCG, 1999) - Less' vs PAC Chemical Database, U.S.  '0.8044 @25 °C'; SLD: no density available, xray/neutron SLD left NULL; additional dataset Moutzouris2013 (26.85 degC): n(633 nm)=1.3815814554453862; 2 datasets loaded; n_633/k_633 columns are the primary (Chang2024, widest span covering 633 nm)",,,,,,,,,,liquid,1-C3H7OH,,
33,1-Butanol,C4H9OH,,263.0,CCCCO,LRHPLDYGYMQRHN-UHFFFAOYSA-N,71-36-3,74.12,,,,,0.80978,literature,8048.0,7.810455962620224,0.013369820231278211,-0.33003939093197043,6.111058607801476e-05,False,organic,butanol,,,Chang,,1.397364739952517,,,,,,"pubchem: 28 CAS numbers in PUG-View record, took first/primary (71-36-3); density 0.80978 g/cm3 at 20 degC from Hazardous Substances Data Bank (HSDB) via PubChem ('0.8098 at 20 °C/4 °C'); consistent with 1 other record(s): PAC Chemical Database, U.S.  '0.8095 @ 20°C'; additional dataset Moutzouris2013 (26.85 degC): n(633 nm)=1.3940949161628255; additional dataset Wang2018-20C (20 degC): n(633 nm)=None; additional dataset Wang2018-60C (60 degC): n(633 nm)=None; additional dataset Wang2018-90C (90 degC): n(633 nm)=None; 5 datasets loaded; n_633/k_633 columns are the primary (Chang2024, widest span covering 633 nm)",,,,,,Hazardous Substances Data Bank (HSDB) via PubChem CID 263: density of 1-Butanol,,,,liquid,1-C4H9OH,20.0,PubChem record text: '0.8098 at 20 °C/4 °C'. https://pubchem.ncbi.nlm.nih.gov/compound/263
34,Isobutanol (2-methyl-1-propanol),C4H9OH,,6560.0,CC(C)CO,ZXEKIIBDNHEJCQ-UHFFFAOYSA-N,78-83-1,74.12,,,,,0.8018,literature,8048.0,7.7334876025944,0.013238066958234172,-0.326787008384072,6.050837007255331e-05,False,organic,butanol,,,Moutzouris-iso,,1.391705168593756,,,,,,"pubchem: 23 CAS numbers in PUG-View record, took first/primary (78-83-1); density 0.8018 g/cm3 at 24 degC from Hazardous Substances Data Bank (HSDB) via PubChem ('0.8018 g/cu cm at 24 °C'); consistent with 2 other record(s): CAMEO Chemicals '0.802 at 68 °F (USCG, 1999) - Less'; PAC Chemical Database, U.S.  '0.8018 @ 20°C'",,,,,,Hazardous Substances Data Bank (HSDB) via PubChem CID 6560: density of Isobutanol (2-methyl-1-propanol),,,,liquid,i-C4H9OH,24.0,PubChem record text: '0.8018 g/cu cm at 24 °C'. https://pubchem.ncbi.nlm.nih.gov/compound/6560
35,1-Pentanol,C5H11OH,,6276.0,CCCCCO,AMQJEAYHLZJPGS-UHFFFAOYSA-N,71-41-0,88.15,,,,,0.81458,literature,8048.0,7.8640758036352665,0.012814737244516794,-0.32561158565632436,6.203928519937857e-05,False,organic,pentanol,,,Moutzouris-normal,,1.4057745072238725,,,,,,"pubchem: 22 CAS numbers in PUG-View record, took first/primary (71-41-0); density 0.81458 g/cm3 at 20 degC from Hazardous Substances Data Bank (HSDB) via PubChem ('0.8146 @ 20 °C/4 °C'); consistent with 1 other record(s): CAMEO Chemicals '0.818 at 59 °F (USCG, 1999) - Less'",,,,,,Hazardous Substances Data Bank (HSDB) via PubChem CID 6276: density of 1-Pentanol,,,,liquid,1-C5H11OH,20.0,PubChem record text: '0.8146 @ 20 °C/4 °C'. https://pubchem.ncbi.nlm.nih.gov/compound/6276
36,Isoamyl alcohol (3-methyl-1-butanol),C5H11OH,,31260.0,CC(C)CCO,PHTQWCKDNZKARW-UHFFFAOYSA-N,123-51-3,88.15,,,,,0.8104,literature,8048.0,7.823721465376045,0.012748978692033203,-0.323940716707856,6.172093192267966e-05,False,organic,pentanol,,,Moutzouris-iso,,1.4029048145816558,,,,,,"pubchem: 25 CAS numbers in PUG-View record, took first/primary (123-51-3); density 0.8104 g/cm3 at 20 degC from PAC Chemical Database, U.S. Department of Energy via PubChem ('0.8104 @ 20°C'); consistent with 1 other record(s): Hazardous Substances Data Ba '0.813 @ 15 °C/4 °C'",,,,,,"PAC Chemical Database, U.S. Department of Energy via PubChem CID 31260: density of Isoamyl alcohol (3-methyl-1-butanol)",,,,liquid,i-C5H11OH,20.0,PubChem record text: '0.8104 @ 20°C'. https://pubchem.ncbi.nlm.nih.gov/compound/31260
37,1-Octanol,C8H17OH,,957.0,CCCCCCCCO,KBPLFHHGFOOTCA-UHFFFAOYSA-N,111-87-5,130.23,,,,,0.8262,literature,8048.0,7.988939514226484,0.011898967355837014,-0.3192000669969143,6.390530975421051e-05,False,organic,octanol,,,Chang,,1.4270748311463275,,,,,,"pubchem: 24 CAS numbers in PUG-View record, took first/primary (111-87-5); density 0.8262 g/cm3 at 25 degC from Hazardous Substances Data Bank (HSDB) via PubChem ('0.8262 g/cu cm at 25 °C'); consistent with 1 other record(s): CAMEO Chemicals '0.829 at 68 °F (USCG, 1999) - Less'",,,,,,Hazardous Substances Data Bank (HSDB) via PubChem CID 957: density of 1-Octanol,,,,liquid,C8H17OH,25.0,PubChem record text: '0.8262 g/cu cm at 25 °C'. https://pubchem.ncbi.nlm.nih.gov/compound/957
38,Ethylene glycol,C2H4(OH)2,,174.0,C(CO)O,LYCAIKOWRPUZTN-UHFFFAOYSA-N,107-21-1,62.07,,,,,1.1135,literature,8048.0,10.394543641686615,0.026369724404062208,0.26538261000433505,6.017696798874065e-05,False,organic,ethylene_glycol,,,Sani,,1.4300238095238094,5.6985555555555555e-08,,,,,"pubchem: 30 CAS numbers in PUG-View record, took first/primary (107-21-1); density 1.1135 g/cm3 at 20 degC from Hazardous Substances Data Bank (HSDB) via PubChem ('1.1135 g/cu cm AT 20 °C'); consistent with 2 other record(s): CAMEO Chemicals '1.115 at 68 °F (USCG, 1999) - Dens'; PAC Chemical Database, U.S.  '1.1135 @ 20°C'; additional dataset Sani2014-formula: n(633 nm)=1.429990100568027; additional dataset Kozma2005 (21.85 degC): n(633 nm)=1.430821693481426; additional dataset ElKashef2000 (19.85 degC): n(633 nm)=1.4313832922291352; 4 datasets loaded; n_633/k_633 columns are the primary (Sani2014, widest span covering 633 nm); refractiveindex.info about.yml for this book lists the formula C2H4 (a copy error); the catalog title, folder name and data identify the compound; k-only page(s) ['Otanicar'] listed but not loaded (no n)",,,,,,Hazardous Substances Data Bank (HSDB) via PubChem CID 174: density of Ethylene glycol,,,,liquid,C2H4(OH)2,20.0,PubChem record text: '1.1135 g/cu cm AT 20 °C'. https://pubchem.ncbi.nlm.nih.gov/compound/174
39,Propylene glycol,C3H6(OH)2,,1030.0,CC(CO)O,DNIAPMSPPWPWGF-UHFFFAOYSA-N,57-55-6,76.09,,,,,1.0361,literature,8048.0,9.742036729746816,0.02223243001691993,0.13298227267495785,6.092018465115919e-05,False,organic,propylene_glycol,,,Otanicar,,1.4384640298507463,6.768373134328358e-08,,,,,"pubchem: 26 CAS numbers in PUG-View record, took first/primary (57-55-6); density 1.0361 g/cm3 at 20 degC from Hazardous Substances Data Bank (HSDB) via PubChem ('1.0361 g/cu cm at 20 °C'); consistent with 2 other record(s): CAMEO Chemicals '1.04 at 68 °F (USCG, 1999) - Dense'; PAC Chemical Database, U.S.  '1.0361 @ 20°C'",,,,,,Hazardous Substances Data Bank (HSDB) via PubChem CID 1030: density of Propylene glycol,,,,liquid,C3H6(OH)2,20.0,PubChem record text: '1.0361 g/cu cm at 20 °C'. https://pubchem.ncbi.nlm.nih.gov/compound/1030
40,"1,5-Pentanediol",C5H10(OH)2,,8105.0,C(CCO)CCO,ALQSHHUCVQOPAS-UHFFFAOYSA-N,111-29-5,104.15,,,,,0.994,literature,8048.0,9.426257465972718,0.018694119743283635,-0.002724335089073007,6.407774530831537e-05,False,organic,pentanediol,,,Moutzouris,,1.4419132058947632,,,,,,"pubchem: 12 CAS numbers in PUG-View record, took first/primary (111-29-5); density 0.994 g/cm3 at 20 degC from PAC Chemical Database, U.S. Department of Energy via PubChem ('0.994 @ 20°C'); single record: no second PubChem record to check it against",,,,,,"PAC Chemical Database, U.S. Department of Energy via PubChem CID 8105: density of 1,5-Pentanediol",,,,liquid,C5H10(OH)2,20.0,PubChem record text: '0.994 @ 20°C'. https://pubchem.ncbi.nlm.nih.gov/compound/8105
41,Glycerol,C3H5(OH)3,,753.0,C(C(CO)O)O,PEDCQBHIVMGVHV-UHFFFAOYSA-N,56-81-5,92.09,,,,,1.2613,literature,8048.0,11.670718425023248,0.030196577708411023,0.6124401639296395,6.128209479265207e-05,False,organic,glycerol,,,Rheims,,1.4706520241740753,,,,,,"pubchem: 24 CAS numbers in PUG-View record, took first/primary (56-81-5); density 1.2613 g/cm3 at 20 degC from Hazardous Substances Data Bank (HSDB) via PubChem ('1.2613 g/cu cm at 20 °C'); consistent with 2 other record(s): CAMEO Chemicals '1.261 at 68 °F (USCG, 1999) - Dens'; PAC Chemical Database, U.S.  '1.2613 @ 20°C'; additional dataset Gupta2022: n(633 nm)=1.469785929129602; additional dataset Birkhoff1978: n(633 nm)=None; additional dataset Nyakuchena2023 (22.85 degC): n(633 nm)=None; 4 datasets loaded; n_633/k_633 columns are the primary (Rheims1997, widest span covering 633 nm); k-only page(s) ['Wang'] listed but not loaded (no n)",,,,,,Hazardous Substances Data Bank (HSDB) via PubChem CID 753: density of Glycerol,,,,liquid,C3H5(OH)3,20.0,PubChem record text: '1.2613 g/cu cm at 20 °C'. https://pubchem.ncbi.nlm.nih.gov/compound/753
42,Tetrahydrofuran,C4H8O,,8028.0,C1CCOC1,WYURNTSHIVDZCO-UHFFFAOYSA-N,109-99-9,72.11,,,,,0.8833,literature,8048.0,8.342007788984397,0.014990942255061585,0.1818659859331856,5.4876219604575594e-05,False,organic,tetrahydrofuran,,,Chang,,1.4054093673633594,,,,,,"pubchem: 22 CAS numbers in PUG-View record, took first/primary (109-99-9); density 0.8833 g/cm3 at 25 degC from Hazardous Substances Data Bank (HSDB) via PubChem ('0.8833 g/cu cm at 25 °C'); consistent with 2 other record(s): CAMEO Chemicals '0.888 at 68 °F (USCG, 1999) - Less'; PAC Chemical Database, U.S.  '0.8833 @25 °C'; additional dataset Li2022: n(633 nm)=1.4055666703027423; 2 datasets loaded; n_633/k_633 columns are the primary (Chang2024, widest span covering 633 nm)",,,,,,Hazardous Substances Data Bank (HSDB) via PubChem CID 8028: density of Tetrahydrofuran,,,,liquid,C4H8O,25.0,PubChem record text: '0.8833 g/cu cm at 25 °C'. https://pubchem.ncbi.nlm.nih.gov/compound/8028
43,"1,4-Dioxane",C4H8O2,,31275.0,C1COCCO1,RYHBNJHYFVUHQT-UHFFFAOYSA-N,123-91-1,88.11,,,,,1.0337,literature,8048.0,9.592887977314149,0.02106845911306831,0.5842422037769011,5.256216675829361e-05,False,organic,dioxane,,,Chang,,1.4204869745567257,,,,,,"pubchem: 21 CAS numbers in PUG-View record, took first/primary (123-91-1); density 1.0337 g/cm3 at 20 degC from Hazardous Substances Data Bank (HSDB) via PubChem ('1.0337 g/cu cm at 20 °C'); consistent with 2 other record(s): CAMEO Chemicals '1.036 at 68 °F (USCG, 1999) - Dens'; PAC Chemical Database, U.S.  '1.0337 @ 20°C'; additional dataset Moutzouris2013 (26.85 degC): n(633 nm)=1.419015182934262; 2 datasets loaded; n_633/k_633 columns are the primary (Chang2024, widest span covering 633 nm)",,,,,,"Hazardous Substances Data Bank (HSDB) via PubChem CID 31275: density of 1,4-Dioxane",,,,liquid,C4H8O2-dioxane,20.0,PubChem record text: '1.0337 g/cu cm at 20 °C'. https://pubchem.ncbi.nlm.nih.gov/compound/31275
44,Acetone,C3H6O,,180.0,CC(=O)C,CSCPPACGZOOCGX-UHFFFAOYSA-N,67-64-1,58.08,,,,,,,8048.0,,,,,False,organic,acetone,,,Chang,,1.3560301874547653,,,,,,"pubchem: 24 CAS numbers in PUG-View record, took first/primary (67-64-1); PubChem density records are physically inconsistent (a wrong value or temperature label), so none is used: CAMEO Chemicals '0.791 at 68 °F (USCG, 1999) - Less' vs Hazardous Substances Data Ba '0.7845 g/cu cm at 20 °C'; Hazardous Substances Data Ba '0.7845 g/cu cm at 20 °C' vs PAC Chemical Database, U.S.  '0.791 @ 20°C'; SLD: no density available, xray/neutron SLD left NULL; additional dataset Rheims1997 (19.85 degC): n(633 nm)=1.357800556988801; 2 datasets loaded; n_633/k_633 columns are the primary (Chang2024, widest span covering 633 nm)",,,,,,,,,,liquid,C3H6O,,
45,Acetic acid,C2H4O2,,176.0,CC(=O)O,QTBSBXVTEAMEQO-UHFFFAOYSA-N,64-19-7,60.05,,,,,1.0446,literature,8048.0,9.488347398601608,0.025567868566110145,1.041072992970393,3.8970723065651734e-05,False,organic,acetic_acid,,,El-Kashef,,1.3676880228706054,,,,,,"pubchem: 26 CAS numbers in PUG-View record, took first/primary (64-19-7); density 1.0446 g/cm3 at 25 degC from Hazardous Substances Data Bank (HSDB) via PubChem ('1.0446 g/cu cm at 25 °C'); consistent with 2 other record(s): CAMEO Chemicals '1.051 at 68 °F (USCG, 1999) - Dens'; PAC Chemical Database, U.S.  '1.049 @ 20°C'",,,,,,Hazardous Substances Data Bank (HSDB) via PubChem CID 176: density of Acetic acid,,,,liquid,C2H4O2,25.0,PubChem record text: '1.0446 g/cu cm at 25 °C'. https://pubchem.ncbi.nlm.nih.gov/compound/176
46,Valeric acid,C5H10O2,,7991.0,CCCCC(=O)O,NQPDZGIKBAWPEJ-UHFFFAOYSA-N,109-52-4,102.13,,,,,0.938977,literature,8048.0,8.768201967736816,0.018007534062857107,0.4116097865903683,5.148382064938156e-05,False,organic,valeric_acid,,,Rubio,,,,,,,,"pubchem: 20 CAS numbers in PUG-View record, took first/primary (109-52-4); density 0.938977 g/cm3 at 20 degC from Hazardous Substances Data Bank (HSDB) via PubChem ('0.939 at 20 °C/4 °C'); consistent with 1 other record(s): PAC Chemical Database, U.S.  '0.940 @ 20°C'; [Rubio] 633nm outside n range of organic/C5H10O2 - valeric acid/nk/Rubio.yml",,,,,,Hazardous Substances Data Bank (HSDB) via PubChem CID 7991: density of Valeric acid,,,,liquid,C5H10O2-valeric,20.0,PubChem record text: '0.939 at 20 °C/4 °C'. https://pubchem.ncbi.nlm.nih.gov/compound/7991
47,Caproic acid (hexanoic acid),C6H12O2,,8892.0,CCCCCC(=O)O,FUZZWVXGSFPDMH-UHFFFAOYSA-N,142-62-1,116.16,,,,,0.9295,literature,8048.0,8.72051868548852,0.0169771052253797,0.3180346711811702,5.377095059138961e-05,False,organic,caproic_acid,,,Rubio,,,,,,,,"pubchem: 21 CAS numbers in PUG-View record, took first/primary (142-62-1); density 0.9295 g/cm3 at 25 degC from PAC Chemical Database, U.S. Department of Energy via PubChem ('0.9295 @25 °C'); consistent with 1 other record(s): Hazardous Substances Data Ba '0.929 at 20 °C/4 °C'; [Rubio] 633nm outside n range of organic/C6H12O2 - caproic acid/nk/Rubio.yml",,,,,,"PAC Chemical Database, U.S. Department of Energy via PubChem CID 8892: density of Caproic acid (hexanoic acid)",,,,liquid,C6H12O2,25.0,PubChem record text: '0.9295 @25 °C'. https://pubchem.ncbi.nlm.nih.gov/compound/8892
48,Enanthic acid (heptanoic acid),C7H14O2,,8094.0,CCCCCCC(=O)O,MNWFXJYAOYHMED-UHFFFAOYSA-N,111-14-8,130.18,,,,,0.918077,literature,8048.0,8.644973666887466,0.01611085059636749,0.24483684159020322,5.5285001491795026e-05,False,organic,enanthic_acid,,,Rubio,,,,,,,,"pubchem: 18 CAS numbers in PUG-View record, took first/primary (111-14-8); density 0.918077 g/cm3 at 20 degC from Hazardous Substances Data Bank (HSDB) via PubChem ('0.9181 at 20 °C/4 °C'); consistent with 1 other record(s): PAC Chemical Database, U.S.  '0.918 @25 °C'; [Rubio] 633nm outside n range of organic/C7H14O2 - enanthic acid/nk/Rubio.yml",,,,,,Hazardous Substances Data Bank (HSDB) via PubChem CID 8094: density of Enanthic acid (heptanoic acid),,,,liquid,C7H14O2,20.0,PubChem record text: '0.9181 at 20 °C/4 °C'. https://pubchem.ncbi.nlm.nih.gov/compound/8094
49,Caprylic acid (octanoic acid),C8H16O2,,379.0,CCCCCCCC(=O)O,WWZKQHOCKIZLMA-UHFFFAOYSA-N,124-07-2,144.21,,,,,0.909977,literature,8048.0,8.593949079357701,0.015443691452999182,0.18735861460604827,5.6533564685965e-05,False,organic,caprylic_acid,,,Rubio,,,,,,,,"pubchem: 19 CAS numbers in PUG-View record, took first/primary (124-07-2); density 0.909977 g/cm3 at 20 degC from Hazardous Substances Data Bank (HSDB) via PubChem ('0.910 at 20 °C/4 °C'); single record: no second PubChem record to check it against; [Rubio] 633nm outside n range of organic/C8H16O2 - caprylic acid/nk/Rubio.yml",,,,,,Hazardous Substances Data Bank (HSDB) via PubChem CID 379: density of Caprylic acid (octanoic acid),,,,liquid,C8H16O2,20.0,PubChem record text: '0.910 at 20 °C/4 °C'. https://pubchem.ncbi.nlm.nih.gov/compound/379
50,Pelargonic acid (nonanoic acid),C9H18O2,,8158.0,CCCCCCCCC(=O)O,FBUKVWPVBMHYJY-UHFFFAOYSA-N,112-05-0,158.24,,,,,0.9052,literature,8048.0,8.569497413056615,0.014932947863756143,0.1411030420569854,5.7657790962365924e-05,False,organic,pelargonic_acid,,,Rubio,,,,,,,,"pubchem: 17 CAS numbers in PUG-View record, took first/primary (112-05-0); density 0.9052 g/cm3 at 20 degC from Hazardous Substances Data Bank (HSDB) via PubChem ('0.9052 g/cu cm at 20 °C'); consistent with 1 other record(s): PAC Chemical Database, U.S.  '0.9055 @ 20°C'; [Rubio] 633nm outside n range of organic/C9H18O2 - pelargonic acid/nk/Rubio.yml",,,,,,Hazardous Substances Data Bank (HSDB) via PubChem CID 8158: density of Pelargonic acid (nonanoic acid),,,,liquid,C9H18O2,20.0,PubChem record text: '0.9052 g/cu cm at 20 °C'. https://pubchem.ncbi.nlm.nih.gov/compound/8158
51,Oleic acid,C18H34O2,,445639.0,CCCCCCCC/C=C\CCCCCCCC(=O)O,ZQPPMHVWECSIRJ-KTKRTIGZSA-N,112-80-1,282.5,,,,,,,8048.0,,,,,False,organic,oleic_acid,,,Jones,,1.4674157281968712,,,,,,"pubchem: 33 CAS numbers in PUG-View record, took first/primary (112-80-1); no PubChem density (>= 3 significant digits, stated temperature) within 10 degC of 20 degC (records: ['0.89 at 77 °F (USCG, 1999) - Less dense ']); SLD: no density available, xray/neutron SLD left NULL; additional dataset McGinty2009 (24.85 degC): n(633 nm)=None; 2 datasets loaded; n_633/k_633 columns are the primary (Jones2015, widest span covering 633 nm); measured as ~1 um droplets / aerosol, i.e. liquid",,,,,,,,,,liquid,C18H34O2,,
52,Trifluoroacetic anhydride,(CF3CO)2O,,9845.0,C(=O)(C(F)(F)F)OC(=O)C(F)(F)F,QAEDZJGFFMLHHQ-UHFFFAOYSA-N,407-25-0,210.03,,,,,1.49,literature,8048.0,12.362111285956997,0.05649815624979406,3.3290750404432514,8.57412728756756e-07,False,organic,trifluoroacetic_anhydride,,,Chang,,1.2684667758377302,,,,,,"pubchem: 11 CAS numbers in PUG-View record, took first/primary (407-25-0); density 1.49 g/cm3 at 25 degC from PAC Chemical Database, U.S. Department of Energy via PubChem ('1.49 @25 °C'); single record: no second PubChem record to check it against",,,,,,"PAC Chemical Database, U.S. Department of Energy via PubChem CID 9845: density of Trifluoroacetic anhydride",,,,liquid,C4F6O3,25.0,PubChem record text: '1.49 @25 °C'. https://pubchem.ncbi.nlm.nih.gov/compound/9845
53,Ethyl acetate,C4H8O2,,8857.0,CCOC(=O)C,XEKOWRVHYACXOJ-UHFFFAOYSA-N,141-78-6,88.11,,,,,0.9003,literature,8048.0,8.35491636449253,0.018349553777203636,0.508845173706437,4.5778967526837315e-05,False,organic,ethyl_acetate,,,Li,,1.3715062105442588,,,,,,"pubchem: 23 CAS numbers in PUG-View record, took first/primary (141-78-6); density 0.9003 g/cm3 at 20 degC from Hazardous Substances Data Bank (HSDB) via PubChem ('0.9003 g/cu cm at 20 °C'); consistent with 2 other record(s): CAMEO Chemicals '0.902 at 68 °F (USCG, 1999) - Less'; PAC Chemical Database, U.S.  '0.9003 @ 20°C'; additional dataset Kozma2005 (21.85 degC): n(633 nm)=1.3745165651357059; 2 datasets loaded; n_633/k_633 columns are the primary (Li2022, widest span covering 633 nm)",,,,,,Hazardous Substances Data Bank (HSDB) via PubChem CID 8857: density of Ethyl acetate,,,,liquid,C4H8O2-etac,20.0,PubChem record text: '0.9003 g/cu cm at 20 °C'. https://pubchem.ncbi.nlm.nih.gov/compound/8857
54,Isopropyl acetate,C5H10O2,,7915.0,CC(C)OC(=O)C,JMMWKPVZQRWMSS-UHFFFAOYSA-N,108-21-4,102.13,,,,,,,8048.0,,,,,False,organic,propyl_acetate,,,Li,,1.3741924134863683,,,,,,"pubchem: 20 CAS numbers in PUG-View record, took first/primary (108-21-4); PubChem density records are physically inconsistent (a wrong value or temperature label), so none is used: Hazardous Substances Data Ba '0.8718 @ 20 °C/4 °C' vs PAC Chemical Database, U.S.  '0.874 @25 °C'; SLD: no density available, xray/neutron SLD left NULL; the book is titled 'Propyl acetate (PAC, IPAC)' and its name list starts with n-propyl acetate, but its only page states isopropyl acetate",,,,,,,,,,liquid,C5H10O2-ipac,,
55,Methyl salicylate,C8H8O3,,4133.0,COC(=O)C1=CC=CC=C1O,OSWPMRLSEDHDFF-UHFFFAOYSA-N,119-36-8,152.15,,,,,1.184,literature,8048.0,10.605620760865957,0.023496158802087566,1.9055348598484658,3.504809161505142e-05,False,organic,methyl_salicylate,,,Rheims,,1.5302975368508098,,,,,,"pubchem: 21 CAS numbers in PUG-View record, took first/primary (119-36-8); density 1.184 g/cm3 at 25 degC from PAC Chemical Database, U.S. Department of Energy via PubChem ('1.184 @25 °C'); single record: no second PubChem record to check it against",,,,,,"PAC Chemical Database, U.S. Department of Energy via PubChem CID 4133: density of Methyl salicylate",,,,liquid,C8H8O3,25.0,PubChem record text: '1.184 @25 °C'. https://pubchem.ncbi.nlm.nih.gov/compound/4133
56,Ethyl salicylate,C9H10O3,,8365.0,CCOC(=O)C1=CC=CC=C1O,GYCKQBWUSACYIF-UHFFFAOYSA-N,118-61-6,166.17,,,,,,,8048.0,,,,,False,organic,ethyl_salicylate,,,Rheims,,1.5166686054467604,,,,,,"pubchem: 15 CAS numbers in PUG-View record, took first/primary (118-61-6); no PubChem density (>= 3 significant digits, stated temperature) within 10 degC of 19.85 degC (records: []); SLD: no density available, xray/neutron SLD left NULL",,,,,,,,,,liquid,C9H10O3,,
57,Ethyl cinnamate,C11H12O2,,637758.0,CCOC(=O)/C=C/C1=CC=CC=C1,KBEBGUQPQBELIU-CMDGGOBGSA-N,103-36-6,176.21,,,,,,,8048.0,,,,,False,organic,ethyl_cinnamate,,,Krauter,,1.5526681477143687,,,,,,"pubchem: 13 CAS numbers in PUG-View record, took first/primary (103-36-6); no PubChem density (>= 3 significant digits, stated temperature) within 10 degC of 20 degC (records: []); SLD: no density available, xray/neutron SLD left NULL",,,,,,,,,,liquid,C11H12O2,,
58,Diethyl phthalate,C12H14O4,,6781.0,CCOC(=O)C1=CC=CC=C1C(=O)OCC,FLKPEMZONWLCSK-UHFFFAOYSA-N,84-66-2,222.24,,,,,,,8048.0,,,,,False,organic,diethyl_phthalate,,,Querry-IR,,,,,,,,"pubchem: 22 CAS numbers in PUG-View record, took first/primary (84-66-2); PubChem density records are physically inconsistent (a wrong value or temperature label), so none is used: CAMEO Chemicals '1.12 at 68 °F (USCG, 1999) - Dense' vs PAC Chemical Database, U.S.  '1.232 @ 14°C'; SLD: no density available, xray/neutron SLD left NULL; [Querry-IR] 633nm outside n range of organic/C12H14O4 - diethyl phthalate/nk/Querry-IR.yml; additional dataset Querry1987-NIR: n(633 nm)=None; 2 datasets loaded; n_633/k_633 columns are the primary (Querry1987-IR, widest span covering 633 nm)",,,,,,,,,,liquid,C12H14O4,,
59,2-(Diisopropylamino)ethanol,C8H19NO,,7313.0,CC(C)N(CCO)C(C)C,ZYWUVGFIXPNBDL-UHFFFAOYSA-N,96-80-0,145.24,,,,,0.826,literature,8048.0,7.936530201765866,0.012438144128952862,-0.09369385623657676,7.85478223196379e-05,False,organic,diisopropylaminoethanol,,,Myers,,,,,,,,"pubchem: 12 CAS numbers in PUG-View record, took first/primary (96-80-0); density 0.826 g/cm3 at 25 degC from PAC Chemical Database, U.S. Department of Energy via PubChem ('0.826 @25 °C'); single record: no second PubChem record to check it against; [Myers] 633nm outside n range of organic/C8H19NO - diisopropylaminoethanol/nk/Myers.yml; refractiveindex.info about.yml for this book lists the formula C2H6O (a copy error); the catalog title, folder name and data identify the compound; the book's about.yml lists ethanol's names and formula (a copy error); the catalog title, folder and data are DIPA (n = 1.43 at 2 um, where the same paper's ethanol page gives 1.31)",,,,,,"PAC Chemical Database, U.S. Department of Energy via PubChem CID 7313: density of 2-(Diisopropylamino)ethanol",,,,liquid,C8H19NO,25.0,PubChem record text: '0.826 @25 °C'. https://pubchem.ncbi.nlm.nih.gov/compound/7313
60,Acetonitrile,C2H3N,,6342.0,CC#N,WEVYAHXRMPXWCK-UHFFFAOYSA-N,75-05-8,41.05,,,,,0.786,literature,8048.0,7.170983279755308,0.012204039529876684,1.3180727091688382,9.313761272463553e-05,False,organic,acetonitrile,,,Chang,,1.3414005683754584,,,,,,"pubchem: 22 CAS numbers in PUG-View record, took first/primary (75-05-8); density 0.786 g/cm3 at 20 degC from PAC Chemical Database, U.S. Department of Energy via PubChem ('0.786 @ 20°C'); consistent with 1 other record(s): CAMEO Chemicals '0.787 at 68 °F (USCG, 1999) - Less'; additional dataset Moutzouris2013 (26.85 degC): n(633 nm)=1.339341522772212; additional dataset Kozma2005 (19.85 degC): n(633 nm)=1.3407512911113355; additional dataset Myers2018 (25.85 degC): n(633 nm)=None; 4 datasets loaded; n_633/k_633 columns are the primary (Chang2024, widest span covering 633 nm); [Kozma] the page text says 22 degC but its CONDITIONS field says 19.85 degC (stored, as for every page); a refractiveindex.info inconsistency",,,,,,"PAC Chemical Database, U.S. Department of Energy via PubChem CID 6342: density of Acetonitrile",,,,liquid,C2H3N,20.0,PubChem record text: '0.786 @ 20°C'. https://pubchem.ncbi.nlm.nih.gov/compound/6342
61,Trichloroacetonitrile,C2Cl3N,,11011.0,C(#N)C(Cl)(Cl)Cl,DRUIESSIVFYOMK-UHFFFAOYSA-N,545-06-2,144.38,,,,,1.440264,literature,8048.0,12.049014039910135,0.36101192552522193,3.087340269381976,0.0017107988081586174,False,organic,trichloroacetonitrile,,,Chang,,1.434577601522766,,,,,,"pubchem: 13 CAS numbers in PUG-View record, took first/primary (545-06-2); density 1.44026 g/cm3 at 25 degC from Hazardous Substances Data Bank (HSDB) via PubChem ('1.4403 at 25 °C/4 °C; 1.4223 at 35 °C/4 °C'); consistent with 1 other record(s): CAMEO Chemicals '1.4403 at 77 °F (NTP, 1992) - Dens'",,,,,,Hazardous Substances Data Bank (HSDB) via PubChem CID 11011: density of Trichloroacetonitrile,,,,liquid,C2Cl3N,25.0,PubChem record text: '1.4403 at 25 °C/4 °C; 1.4223 at 35 °C/4 °C'. https://pubchem.ncbi.nlm.nih.gov/compound/11011
62,Dimethyl sulfoxide,C2H6OS,,679.0,CS(=O)C,IAZDPXIOMUYVGZ-UHFFFAOYSA-N,67-68-5,78.14,,,,,,,8048.0,,,,,False,organic,dimethyl_sulfoxide,,,Li,,1.4768276759615284,,,,,,"pubchem: 22 CAS numbers in PUG-View record, took first/primary (67-68-5); PubChem density records are physically inconsistent (a wrong value or temperature label), so none is used: Hazardous Substances Data Ba '1.100 at 20 °C/4 °C' vs PAC Chemical Database, U.S.  '1.101 @25 °C'; SLD: no density available, xray/neutron SLD left NULL; additional dataset Kozma2005 (19.85 degC): n(633 nm)=1.4748873147315464; 2 datasets loaded; n_633/k_633 columns are the primary (Li2022, widest span covering 633 nm); [Kozma] the page text says 22 degC but its CONDITIONS field says 19.85 degC (stored, as for every page); a refractiveindex.info inconsistency",,,,,,,,,,liquid,C2H6OS,,
63,"N,N-Dimethylformamide",C3H7NO,,6228.0,CN(C)C=O,ZMXDDKWLCZADIW-UHFFFAOYSA-N,68-12-2,73.09,,,,,0.944476,literature,8048.0,8.802126161713026,0.01773283058032921,0.6940173416409339,9.17247680399188e-05,False,organic,dimethylformamide,,,Li,,1.4299631740277083,,,,,,"pubchem: 24 CAS numbers in PUG-View record, took first/primary (68-12-2); density 0.944476 g/cm3 at 25 degC from Hazardous Substances Data Bank (HSDB) via PubChem ('0.9445 at 25 °C/4 °C'); consistent with 1 other record(s): PAC Chemical Database, U.S.  '0.9455 @25 °C'",,,,,,"Hazardous Substances Data Bank (HSDB) via PubChem CID 6228: density of N,N-Dimethylformamide",,,,liquid,C3H7NO,25.0,PubChem record text: '0.9445 at 25 °C/4 °C'. https://pubchem.ncbi.nlm.nih.gov/compound/6228
64,Dimethyl methylphosphonate,C3H9O3P,,12958.0,COP(=O)(C)OC,VONWDASPFIQPDY-UHFFFAOYSA-N,756-79-6,124.08,,,,,,,8048.0,,,,,False,organic,dimethyl_methylphosphonate,,,Querry-IR,,,,,,,,"pubchem: 15 CAS numbers in PUG-View record, took first/primary (756-79-6); PubChem density records are physically inconsistent (a wrong value or temperature label), so none is used: CAMEO Chemicals '1.1596 at 77 °F (NTP, 1992) - Dens' vs Hazardous Substances Data Ba '1.1507 g/cu cm at 20 °C'; Hazardous Substances Data Ba '1.1507 g/cu cm at 20 °C' vs PAC Chemical Database, U.S.  '1.168 @ 20°C'; SLD: no density available, xray/neutron SLD left NULL; [Querry-IR] 633nm outside n range of organic/C3H9O3P - dimethyl methylphosphonate/nk/Querry-IR.yml; additional dataset Myers2018 (25.85 degC): n(633 nm)=None; additional dataset Querry1987-NIR: n(633 nm)=None; 3 datasets loaded; n_633/k_633 columns are the primary (Querry1987-IR, widest span covering 633 nm)",,,,,,,,,,liquid,C3H9O3P,,
65,Diethyl sulfite,C4H10O3S,,12197.0,CCOS(=O)OCC,NVJBFARDFTXOTO-UHFFFAOYSA-N,623-81-4,138.19,,,,,,,8048.0,,,,,False,organic,diethyl_sulfite,,,Querry,,1.442,1e-06,,,,,"pubchem: 9 CAS numbers in PUG-View record, took first/primary (623-81-4); no PubChem density (>= 3 significant digits, stated temperature) within 10 degC of 20 degC (records: []); SLD: no density available, xray/neutron SLD left NULL",,,,,,,,,,liquid,C4H10O3S,,
66,Diisopropyl methylphosphonate,C7H17O3P,,3073.0,CC(C)OP(=O)(C)OC(C)C,WOAFDHWYKSOANX-UHFFFAOYSA-N,1445-75-6,180.18,,,,,,,8048.0,,,,,False,organic,diisopropyl_methylphosphonate,,,Querry-IR,,,,,,,,"pubchem: 12 CAS numbers in PUG-View record, took first/primary (1445-75-6); no PubChem density (>= 3 significant digits, stated temperature) within 10 degC of 20 degC (records: []); SLD: no density available, xray/neutron SLD left NULL; [Querry-IR] 633nm outside n range of organic/C7H17O3P - diisopropyl methylphosphonate/nk/Querry-IR.yml; additional dataset Querry1987-NIR: n(633 nm)=None; 2 datasets loaded; n_633/k_633 columns are the primary (Querry1987-IR, widest span covering 633 nm)",,,,,,,,,,liquid,C7H17O3P,,
67,Cinnamaldehyde,C9H8O,,637511.0,C1=CC=C(C=C1)/C=C/C=O,KJPRLNWUNMBNBZ-QPJJXVBHSA-N,104-55-2,132.16,,,,,,,8048.0,,,,,False,organic,cinnamaldehyde,,,Rheims,,1.6133214889602636,,,,,,"pubchem: 22 CAS numbers in PUG-View record, took first/primary (104-55-2); no PubChem density (>= 3 significant digits, stated temperature) within 10 degC of 23.85 degC (records: []); SLD: no density available, xray/neutron SLD left NULL",,,,,,,,,,liquid,C9H8O,,
68,L-Tyrosine,C9H11NO3,,6057.0,C1=CC(=CC=C1C[C@@H](C(=O)O)N)O,OUYCCCASQSFEME-QMMMGPOBSA-N,60-18-4,181.19,,,,,,,8048.0,,,,,False,organic,tyrosine,,,Leite,,,,,,,,"pubchem: 15 CAS numbers in PUG-View record, took first/primary (60-18-4); no PubChem density (>= 3 significant digits, stated temperature) within 10 degC of 20 degC (records: []); SLD: no density available, xray/neutron SLD left NULL; [Leite] 633nm outside n range of organic/C9H11NO3 - tyrosine/nk/Leite.yml; measured as a film",,,,,,,,,,biomolecule,C9H11NO3,,
69,Urea,CH4N2O,,1176.0,C(=O)(N)N,XSQUKJJJFZCRTK-UHFFFAOYSA-N,57-13-6,60.056,,,,,,,8048.0,,,,,False,organic,urea,,,Rosker-o,o-ray,1.4886305753384375,,e-ray,1.6029199616381016,,Rosker-e,"pubchem: 26 CAS numbers in PUG-View record, took first/primary (57-13-6); PubChem density records are physically inconsistent (a wrong value or temperature label), so none is used: CAMEO Chemicals '1.34 at 68 °F (USCG, 1999) - Dense' vs Hazardous Substances Data Ba '1.3230 @ 20 °C/4 °C'; Hazardous Substances Data Ba '1.3230 @ 20 °C/4 °C' vs PAC Chemical Database, U.S.  '1.335 @25 °C'; SLD: no density available, xray/neutron SLD left NULL; single crystal, uniaxial (o/e)",,,,,,,,,,biomolecule,CH4N2O,,
70,Lactose monohydrate,C12H24O12,,104938.0,C([C@@H]1[C@@H]([C@@H]([C@H]([C@@H](O1)O[C@@H]2[C@H](O[C@@H]([C@@H]([C@H]2O)O)O)CO)O)O)O)O.O,WSVLPVUVIUVCRA-KPKNDVKVSA-N,64044-51-5,360.31,,,,,,,8048.0,,,,,False,organic,lactose_monohydrate,,,Juntunen,,,,,,,,"pubchem: 11 CAS numbers in PUG-View record, took first/primary (64044-51-5); no PubChem density (>= 3 significant digits, stated temperature) within 10 degC of 22.85 degC (records: []); SLD: no density available, xray/neutron SLD left NULL; [Juntunen] 633nm outside n range of organic/C12H24O12 - lactose monohydrate/nk/Juntunen.yml; measured as a powder",,,,,,,,,,biomolecule,C12H24O12,,
71,"DNA (sodium salt, calf thymus)",,,,,,,,,,,,,,8048.0,,,,,,other,DNA,,,Inagaki,,,,,,,,"no single molecular formula (biomacromolecule): no PubChem identity, density or SLD; [Inagaki] 633nm outside n range of other/human body/DNA/nk/Inagaki.yml; dry film; a biopolymer with no single molecular formula",,,,,,,,,,biomacromolecule,DNA,,
72,Silk fibroin (Bombyx mori),,,,,,,,,,,,,,8048.0,,,,,,other,Bombyx_mori,,,Perotto,,1.5589836688233083,0.0001722731,,,,,"no single molecular formula (biomacromolecule): no PubChem identity, density or SLD; additional dataset Perotto2017-uncrystallized: n(633 nm)=1.5428534102681344; additional dataset Perotto2017-crystallized: n(633 nm)=1.5474567652893483; additional dataset Bucciarelli2018-FPP_FA_Ex: n(633 nm)=1.550345337598249; additional dataset Bucciarelli2018-FPP_FA_Unex: n(633 nm)=1.5479664675287295; additional dataset Bucciarelli2018-rSF_FA: n(633 nm)=1.5425949136273476; additional dataset Bucciarelli2018-rSF_H2O: n(633 nm)=1.5449772198162468; additional dataset Bucciarelli2018-SPP_FA_Ex: n(633 nm)=1.5414656166301155; additional dataset Bucciarelli2018-SPP_FA_Unex: n(633 nm)=1.542467762356721; additional dataset Bucciarelli2018-SN_FA: n(633 nm)=1.5539054756357766; 10 datasets loaded; n_633/k_633 columns are the primary (Perotto2017, widest span covering 633 nm); fibroin films; a protein with no single molecular formula",,,,,,,,,,biomacromolecule,silk-Bm,,
73,Silk fibroin (Antheraea mylitta),,,,,,,,,,,,,,8048.0,,,,,,other,Antheraea_mylitta,,,Perotto,,1.5311907961907631,8.847544e-05,,,,,"no single molecular formula (biomacromolecule): no PubChem identity, density or SLD",,,,,,,,,,biomacromolecule,silk-Am,,
74,Silk fibroin (Samia ricini),,,,,,,,,,,,,,8048.0,,,,,,other,Samia_ricini,,,Perotto,,1.4895369227948312,0.0008301024,,,,,"no single molecular formula (biomacromolecule): no PubChem identity, density or SLD",,,,,,,,,,biomacromolecule,silk-Sr,,
75,Silk fibroin (Antheraea assamensis),,,,,,,,,,,,,,8048.0,,,,,,other,Antheraea_assamensis,,,Perotto,,1.5164772183378412,0.0004673158,,,,,"no single molecular formula (biomacromolecule): no PubChem identity, density or SLD",,,,,,,,,,biomacromolecule,silk-Aa,,
