idx,name,formula,polymorph,pubchem_cid,smiles,inchikey,cas_number,molecular_weight,pubchem_formula_match,mp_id,mp_space_group,mp_energy_above_hull_ev,density_g_cm3,density_source,xray_energy_ev,xray_sld_real,xray_sld_imag,neutron_sld_real,neutron_sld_imag,strong_neutron_absorber,ri_shelf,ri_book,ri_wl_min_nm,ri_wl_max_nm,ri_page_primary,axis_primary,n_633,k_633,axis_2,n_633_axis2,k_633_axis2,ri_page_axis2,flags,axis_3,n_633_axis3,k_633_axis3,ri_page_axis3,density_citation_doi,density_citation_title,density_citation_authors,density_citation_journal,density_citation_year
1,Aluminium oxide / sapphire,Al2O3,corundum/sapphire,9989226.0,[O-2].[O-2].[O-2].[Al+3].[Al+3],PNEYBMLMFCGWSK-UHFFFAOYSA-N,1344-28-1,101.961,True,mp-1143,R-3c (#167),0.0,3.8734991245808144,MP_DFT,8048.0,32.60996889122008,0.3766444818565014,5.561514716944987,2.9429439493939528e-05,False,main,Al2O3,200.0,5000.0,Malitson-o,ordinary (o),1.7658950046600563,,extraordinary (e),1.757862231304614,,Malitson-e,"pubchem: 19 CAS numbers in PUG-View record, took first/primary (1344-28-1)",,,,,,,,,
2,Beryllium oxide,BeO,wurtzite,14775.0,[Be]=O,LTPBRCUWZOMYOC-UHFFFAOYSA-N,1304-56-9,25.012,True,mp-2542,P6_3mc (#186),0.0,3.0194371131212456,MP_DFT,8048.0,24.699764023388703,0.0721999300741162,9.88280751651626,1.574927006518864e-06,False,main,BeO,440.0,7000.0,Edwards-o,ordinary (o),1.716955180203595,,extraordinary (e),1.73211377875013,,Edwards-e,"pubchem: 14 CAS numbers in PUG-View record, took first/primary (1304-56-9)",,,,,,,,,
3,Chrysoberyl,BeAl2O4,chrysoberyl,13726050.0,[Be+2].[O-][Al]=O.[O-][Al]=O,HMTCCKKVZOGDKA-UHFFFAOYSA-N,120041-06-7,126.973,True,mp-3081,Pnma (#62),0.0,3.713486086701745,MP_DFT,8048.0,31.088413100431875,0.3074489899445472,6.675727002974209,2.3037639239560912e-05,False,main,BeAl2O4,250.0,2600.0,Walling-α,biaxial alpha (nα),1.6004059388027254,,biaxial beta (nβ),1.5814619562352934,,Walling-β,,biaxial gamma (nγ),1.5900968455097948,,Walling-γ,,,,,
4,Beryllium hexaaluminate,BeAl6O10,,,,,,,,mp-560974,P2_1/c (#14),0.0010587416911738,3.742688936660163,MP_DFT,8048.0,31.44124585717697,0.3431815075384513,5.8934644557406415,2.6433781512346342e-05,False,main,BeAl6O10,430.0,1100.0,Pestryakov-α,biaxial alpha (nα),1.7396575835652486,,biaxial beta (nβ),1.744084361194323,,Pestryakov-β,"pubchem: not found by name; polymorph_ambiguity: no pre-verified expected space group for this material -- took lowest energy_above_hull MP entry, please confirm polymorph match against RI.info data; MP structure (mp-560974, P2_1/c #14) sourced from ICSD-95408 (Alimpiev et al. 2002, J. Cryst. Growth 237, 884-889), same research group (Pestryakov) as the optical dataset used here -- accepted with high confidence. Could not obtain experimental lattice parameters (paper paywalled, not in COD) to compute an experimental density, so density_source remains MP_DFT.",biaxial gamma (nγ),1.737723516842289,,Pestryakov-γ,,,,,
5,Calcium gadolinium aluminate,CaGdAlO4,K2NiF4-type,,,,,,,,,,5.971787,experimental lattice params,8048.0,42.33354105515956,5.249128570753078,4.595795818690191,1.71184420149424,True,main,CaGdAlO4,350.0,2100.0,Loiko-o,ordinary (o),1.925729745893636,,extraordinary (e),1.949392456989453,,Loiko-e,"pubchem: not found by name; no MP structure match. Density = 5.971787 g/cm3 (experimental lattice params: I4/mmm K2NiF4-type, a=3.65855 A, c=11.9787 A, Z=2 (MP's only entry is a theoretical, ICSD-unbacked I4mm approximation of this Ca/Gd site-disordered structure; MP density 5.860 g/cm3 is ~1.9% low)). Verify before use.",,,,,10.1016/S0925-8388(99)00701-X,Crystal structure and optical spectroscopy of CaGdAlO4:Er single crystal,"Vasylechko, L.; Kodama, N.; Matkovskii, A.; Zhydachevskii, Ya.",Journal of Alloys and Compounds,2000.0
6,Calcium yttrium aluminate,CaYAlO4,K2NiF4-type,,,,,,,,,,4.630187,experimental lattice params,8048.0,37.34254079011782,1.356568601124938,4.958302463568921,6.845085425769484e-05,False,main,CaYAlO4,350.0,2100.0,Loiko-o,ordinary (o),1.8939506720047896,,extraordinary (e),1.9169551889490708,,Loiko-e,"pubchem: not found by name; no MP structure match. Density = 4.630187 g/cm3 (experimental lattice params: I4/mmm K2NiF4-type, a=3.6451 A, c=11.8743 A, Z=2 (MP's only entry is a theoretical, ICSD-unbacked I4mm approximation of this Ca/Y site-disordered structure; MP density 4.532 g/cm3 is ~2.1% low)). Verify before use.",,,,,10.1016/0022-4596(92)90073-5,"Dielectric constants and crystal structures of CaYAlO4, CaNdAlO4, and SrLaAlO4, and deviations from the oxide additivity rule","Shannon, R.D.; Oswald, R.A.; Parise, J.B.; Chai, B.H.T.; Byszewski, P.; Pajaczkowska, A.; Sobolewski, R.",Journal of Solid State Chemistry,1992.0
7,Spinel,MgAl2O4,spinel,9855501.0,[O-2].[O-2].[O-2].[O-2].[Mg+2].[Al+3].[Al+3],UAMZXLIURMNTHD-UHFFFAOYSA-N,12068-51-8,142.27,True,mp-3536,Fd-3m (#227),0.0,3.582135926109096,MP_DFT,8048.0,30.258349850598176,0.3414488735497688,5.381170971297045,2.216999384373131e-05,False,main,MgAl2O4,350.0,5500.0,Tropf,none (isotropic/cubic/amorphous),1.7137035574839752,,,,,,"pubchem: 5 CAS numbers in PUG-View record, took first/primary (12068-51-8)",,,,,,,,,
8,Lanthanum aluminate,LaAlO3,,21871568.0,[O-2].[O-2].[O-2].[Al+3].[La+3],BOIGHUSRADNYQR-UHFFFAOYSA-N,12003-65-5,213.885,True,mp-2920,R-3c (#167),0.000273197000002,6.535048669387797,MP_DFT,8048.0,48.24794060814014,5.242643042508842,5.354462674494008,0.0004708294993812,False,main,LaAlO3,141.0,1675.0,Chernova,none (isotropic/cubic/amorphous),2.0565251278305334,1.1157765084002909e-23,,,,,"pubchem: 2 CAS numbers in PUG-View record, took first/primary (12003-65-5)",,,,,,,,,
9,Barium borate (BBO),BaB2O4,beta-BBO,,,,,,,mp-5730,R3c (#161),0.0004578380952366,3.845530009872251,MP_DFT,8048.0,28.470422834830075,2.684018225862686,4.039179336523093,0.0443435511915995,True,main,BaB2O4,220.0,1060.0,Eimerl-o,ordinary (o),1.6625893046246392,,extraordinary (e),1.5465992055136326,,Eimerl-e,pubchem: not found by name,,,,,,,,,
10,Bismuth triborate (BiBO),BiB3O6,alpha-BiBO,,,,,,False,mp-23349,C2 (#5),0.0186760219999984,5.0263,experimental lattice params,8048.0,36.06428608202434,2.4051383435124136,5.315088904687733,0.0574053140391632,True,main,BiB3O6,480.0,3100.0,Umemura-α,biaxial alpha (nα),1.7670308852454013,,biaxial beta (nβ),1.7956111621995865,,Umemura-β,"pubchem: formula mismatch (target=BiB3O6, pubchem=BBiO3) -- pubchem fields NULLed; mp-554718 (Pca2_1 #29, Knyrim et al. 2006 'a new non-centrosymmetric MODIFICATION of BiB3O6') rejected as a distinct, non-standard polymorph -- not the commercial NLO crystal our Umemura et al. 2007 optical data was measured on; density overridden from MP_DFT (4.9633 g/cm3) to experimental value (5.0263 g/cm3): experimental lattice params: alpha-BiBO, C2, a=7.120 A, b=4.995 A, c=6.508 A, beta=105.59 deg, Z=2",biaxial gamma (nγ),1.9316396305057195,,Umemura-γ,10.1107/S0108270184004078,"Die Kristallstruktur von Wismutborat, BiB3O6","Froehlich, R.; Bohaty, L.; Liebertz, J.",Acta Crystallographica Section C,1984.0
11,Lithium triborate (LBO),LiB3O5,,23716905.0,[Li+].B(=O)OB([O-])OB=O,VCZFPTGOQQOZGI-UHFFFAOYSA-N,,119.4,True,mp-3660,Pna2_1 (#33),0.0065684697222492,2.488007026732085,MP_DFT,8048.0,20.618790994928524,0.0640535353773356,5.396072723800765,0.0827807053318344,True,main,LiB3O5,289.0,1064.0,Chen-α,biaxial alpha (nα),1.5711217909732664,,biaxial beta (nβ),1.596331684868671,,Chen-β,,biaxial gamma (nγ),1.6121965684390986,,Chen-γ,,,,,
12,Cesium lithium borate (CLBO),CsLiB6O10,,,,,,,,mp-5990,I-42d (#122),0.0007770066666665,2.324289361041556,MP_DFT,8048.0,18.160426472282005,0.9303453501273756,3.5819379228590873,0.0501796562895762,True,main,CsLiB6O10,190.0,2750.0,Sasaki-o,ordinary (o),1.4905743094383952,,extraordinary (e),1.4387139634688155,,Sasaki-e,pubchem: not found by name,,,,,,,,,
13,Lutetium aluminium borate,LuAl3(BO3)4,,,,,,,,,,,,,8048.0,,,,,True,main,LuAl3(BO3)4,266.0,1338.0,Fang-o,ordinary (o),1.7700678975953723,,extraordinary (e),1.6968618462583114,,Fang-e,"pubchem: not found by name; MP: no entries found for formula, quarantined; SLD: no density available, xray/neutron SLD left NULL",,,,,,,,,
14,Calcite,CaCO3,calcite,10112.0,C(=O)([O-])[O-].[Ca+2],VTYYLEPIZMXCLO-UHFFFAOYSA-L,471-34-1,100.09,True,mp-3953,R-3c (#167),0.0,2.703519704858185,MP_DFT,8048.0,23.175437197705833,0.652415076808288,4.6781088078514586,1.963573657998285e-05,False,main,CaCO3,204.0,2172.0,Ghosh-o,ordinary (o),1.6556793914055077,,extraordinary (e),1.4849041584214762,,Ghosh-e,"pubchem: 19 CAS numbers in PUG-View record, took first/primary (471-34-1)",,,,,,,,,
15,Copper(II) oxide,CuO,tenorite,164827.0,[O-2].[Cu+2],KKCXRELNMOYFLS-UHFFFAOYSA-N,1317-38-0,79.55,True,mp-704645,C2/c (#15),0.0002646549999996,5.938478422275301,MP_DFT,8048.0,44.44010674282213,0.8125472645563254,6.0791728959448825,0.0004726146120993,False,main,CuO,10.0,35.0,Brimhall,none (isotropic/cubic/amorphous),,,,,,,"pubchem: 11 CAS numbers in PUG-View record, took first/primary (1317-38-0); [Brimhall] 633nm outside n range of main/CuO/nk/Brimhall.yml",,,,,,,,,
16,Copper(I) oxide,Cu2O,cuprite,18346908.0,O=[Cu].[Cu],BERDEBHAJNAUOM-UHFFFAOYSA-N,1317-39-1,143.09,True,mp-361,Pn-3m (#224),0.0,6.204947176738228,MP_DFT,8048.0,45.70044979501587,0.91913206685962,5.546577052325709,0.0005490219391352,False,main,Cu2O,2500.0,55556.0,Querry,none (isotropic/cubic/amorphous),,,,,,,"pubchem: 8 CAS numbers in PUG-View record, took first/primary (1317-39-1); [Querry] 633nm outside n range of main/Cu2O/nk/Querry.yml",,,,,,,,,
17,Dysprosium oxide,Dy2O3,bixbyite,159370.0,[O-2].[O-2].[O-2].[Dy+3].[Dy+3],GEZAXHSNIQTPMM-UHFFFAOYSA-N,1308-87-8,373.0,True,mp-2345,Ia-3 (#206),0.0,8.333958276713304,MP_DFT,8048.0,51.80063396000469,7.564351662397393,6.890662673180334,0.0743864284048171,True,main,Dy2O3,435.0,644.0,Medenbach,none (isotropic/cubic/amorphous),1.970075412015595,,,,,,"pubchem: 11 CAS numbers in PUG-View record, took first/primary (1308-87-8)",,,,,,,,,
18,Hematite,Fe2O3,hematite,,,,,,,mp-19770,R-3c (#167),0.0,5.143372290086497,MP_DFT,8048.0,40.37647052162073,3.5631918944256156,7.043178687352496,0.0002762027037575,False,main,Fe2O3,210.0,90909.0,Querry-o,ordinary (o),3.1251,0.0706,extraordinary (e),2.7925,0.1163,Querry-e,pubchem: not found by name,,,,,,,,,
19,Magnetite,Fe3O4,magnetite,,,,,,,mp-19306,Fd-3m (#227),0.0130592514285723,5.108710530073788,MP_DFT,8048.0,39.982428762042595,3.655149076794537,6.851826981315099,0.0002838164490695,False,main,Fe3O4,210.0,55556.0,Querry,none (isotropic/cubic/amorphous),2.3604000000000003,0.1470999999999999,,,,,pubchem: not found by name,,,,,,,,,
20,Germanium dioxide,GeO2,,90478414.0,[O-2].[O-2].[Ge+4],OLQSNYOQJMTVNH-UHFFFAOYSA-N,1310-53-8,104.63,True,,,,3.65,literature,8048.0,27.827802294268466,0.5843153310573451,4.158093995302573,0.0001285505233054,False,main,GeO2,360.0,4300.0,Fleming,none (isotropic/cubic/amorphous),1.6054402126061011,,,,,,"pubchem: 4 CAS numbers in PUG-View record, took first/primary (1310-53-8); no MP structure match. Density = 3.65 g/cm3 (literature: fused (vitreous) GeO2, commonly cited value). Verify before use.; RI.info default dataset is amorphous/glass",,,,,,,,,
21,Bismuth germanate,Bi12GeO20,BGO,,,,,,False,mp-23352,I23 (#197),0.0003902441414069,9.20431900783466,MP_DFT,8048.0,61.594966263316074,6.095620623893786,4.329635719514944,1.386785897348708e-05,False,main,Bi12GeO20,450.0,700.0,Simon,none (isotropic/cubic/amorphous),2.543833161713058,,,,,,"pubchem: formula mismatch (target=Bi12GeO20, pubchem=Bi4Ge3O12) -- pubchem fields NULLed",,,,,,,,,
22,Lead germanate,Pb5Ge3O11,,,,,,,False,mp-557340,P3 (#143),0.0,6.9296983074984,MP_DFT,8048.0,47.09556328692331,3.9315490330947065,3.95193054534568,6.05223306042395e-05,False,main,Pb5Ge3O11,450.0,700.0,Simon-o,ordinary (o),1.9112047157178969,,extraordinary (e),1.9239950843142093,,Simon-e,"pubchem: formula mismatch (target=Pb5Ge3O11, pubchem=GeO3Pb) -- pubchem fields NULLed",,,,,,,,,
23,Hafnium dioxide,HfO2,,292779.0,O=[Hf]=O,CJNBYAVZURUTKZ-UHFFFAOYSA-N,12055-23-1,210.48,True,mp-352,P2_1/c (#14),0.0,10.241243300471636,MP_DFT,8048.0,67.67877469252173,4.414052717836418,5.677798844151217,0.0084823683807474,False,main,HfO2,200.0,2000.0,Al-Kuhaili,none (isotropic/cubic/amorphous),1.8942856432582071,,,,,,"pubchem: 11 CAS numbers in PUG-View record, took first/primary (12055-23-1)",,,,,,,,,
24,Lithium iodate,LiIO3,,23687747.0,[Li+].[O-]I(=O)=O,FZAXZVHFYFGNBX-UHFFFAOYSA-M,13765-03-2,181.9,True,mp-22955,P6_3 (#173),0.0008651204999985,4.608385647207862,MP_DFT,8048.0,34.39221039057972,3.0259430262560176,3.168525046635747,0.0032531380238792,True,main,LiIO3,400.0,5700.0,Umegaki-o,ordinary (o),1.868389246363488,,extraordinary (e),1.7249192903772932,,Umegaki-e,"pubchem: 6 CAS numbers in PUG-View record, took first/primary (13765-03-2)",,,,,,,,,
25,Lutetium oxide,Lu2O3,bixbyite,4323797.0,O=[Lu]O[Lu]=O,MPARYNQUYZOBJM-UHFFFAOYSA-N,,397.932,True,mp-1427,Ia-3 (#206),0.0,9.784622907831332,MP_DFT,8048.0,63.68500624282685,4.237329742955365,4.724819711704409,0.0061059369996115,False,main,Lu2O3,435.0,644.0,Medenbach,none (isotropic/cubic/amorphous),1.9303262382006932,,,,,,,,,,,,,,,
26,LuAG,Lu3Al5O12,garnet,,,,,,,mp-14132,Ia-3d (#230),0.0,6.605561724297515,MP_DFT,8048.0,46.76913960536228,2.196776808823603,5.073327544282766,0.0029035753156183,False,main,Lu3Al5O12,193.0,1690.0,Hrabovsky,none (isotropic/cubic/amorphous),1.9891778825241335,,,,,,pubchem: not found by name,,,,,,,,,
27,Magnesium oxide,MgO,rock salt,14792.0,O=[Mg],CPLXHLVBOLITMK-UHFFFAOYSA-N,1309-48-4,40.305,True,mp-1265,Fm-3m (#225),0.0,3.6289033870223943,MP_DFT,8048.0,30.91298413111584,0.3283142568441493,6.061351359048245,9.528111497218282e-06,False,main,MgO,360.0,5400.0,Stephens,none (isotropic/cubic/amorphous),1.7220163120751817,,,,,,"pubchem: 24 CAS numbers in PUG-View record, took first/primary (1309-48-4)",,,,,,,,,
28,Molybdenum dioxide,MoO2,,29320.0,O=[Mo]=O,QXYJCZRRLLQGCR-UHFFFAOYSA-N,18868-43-4,127.95,True,mp-559140,P2_1/c (#14),0.1940157733333318,6.459388050249027,MP_DFT,8048.0,49.7581804554364,2.409296059449205,5.570460981357406,0.0002097042895951,False,main,MoO2,191.0,1688.0,Ganzhinov,none (isotropic/cubic/amorphous),1.7907126109716942,0.9728539940311725,,,,,"pubchem: 8 CAS numbers in PUG-View record, took first/primary (18868-43-4)",,,,,,,,,
29,Molybdenum trioxide,MoO3,,14802.0,O=[Mo](=O)=O,JKQOBWVOAYFWKG-UHFFFAOYSA-N,1313-27-5,143.95,True,mp-20589,Pnma (#62),0.0276256156249985,4.657567441309483,MP_DFT,8048.0,36.31203770471067,1.562654594182589,4.701046640492394,0.0001344123704914,False,main,MoO3,19.0,24797.0,Lajaunie-α,biaxial alpha (nα),2.1303501453287197,0.0057158932041522,biaxial beta (nβ),2.4871815501730103,0.0116007790311418,Lajaunie-β,"pubchem: 15 CAS numbers in PUG-View record, took first/primary (1313-27-5)",biaxial gamma (nγ),2.7390708996539797,0.0210996738408304,Lajaunie-γ,,,,,
30,Calcium molybdate,CaMoO4,scheelite,24620.0,[O-][Mo](=O)(=O)[O-].[Ca+2],BIOOACNPATUQFW-UHFFFAOYSA-N,7789-82-4,200.03,True,mp-19330,I4_1/a (#88),0.0,4.2688497001112,MP_DFT,8048.0,34.24890550806584,1.5182782099149097,4.450713532311092,0.0001040318625037,False,main,CaMoO4,450.0,3800.0,Bond-o,ordinary (o),1.9854387043729032,,extraordinary (e),1.9944382135713383,,Bond-e,"pubchem: 8 CAS numbers in PUG-View record, took first/primary (7789-82-4)",,,,,,,,,
31,Lead molybdate,PbMoO4,scheelite/wulfenite,61490.0,[O-][Mo](=O)(=O)[O-].[Pb+2],XJUNRGGMKUAPAP-UHFFFAOYSA-N,10190-55-3,367.0,True,mp-22169,I4_1/a (#88),0.0,6.813306032892219,MP_DFT,8048.0,48.01181740887449,3.7206550022630873,4.395600729449072,8.241087592453246e-05,False,main,PbMoO4,440.0,1080.0,Malitson-o,ordinary (o),2.385947615839617,,extraordinary (e),2.261553616609957,,Malitson-e,"pubchem: 6 CAS numbers in PUG-View record, took first/primary (10190-55-3)",,,,,,,,,
32,Strontium molybdate,SrMoO4,scheelite,,,,,,,mp-18834,I4_1/a (#88),0.0,4.692120685644747,MP_DFT,8048.0,35.96680245443425,1.5196674151751544,4.217364798457762,0.0001193672016293,False,main,SrMoO4,450.0,2400.0,Bond-o,ordinary (o),1.9025507880703276,,extraordinary (e),1.9068299950580203,,Bond-e,pubchem: not found by name,,,,,,,,,
33,Niobium pentoxide,Nb2O5,amorphous,9903420.0,[O-2].[O-2].[O-2].[O-2].[O-2].[Nb+5].[Nb+5],URLJKFSTXLNXLG-UHFFFAOYSA-N,1313-96-8,265.81,True,,,,4.45,literature,8048.0,34.68733564140176,1.462887674064249,4.347979663847724,6.451055657711947e-05,False,main,Nb2O5,120.0,399362.0,Franta,none (isotropic/cubic/amorphous),2.3258675761665413,1.6278409905961305e-06,,,,,"pubchem: 10 CAS numbers in PUG-View record, took first/primary (1313-96-8); no MP structure match. Density = 4.45 g/cm3 (literature: stoichiometric amorphous Nb2O5 thin film density from XRR/RBS (amorphous inferred from the Franta 2024 RI.info dataset's deposition method -- magnetron sputtering, no anneal step mentioned in its RI.info comments; the Franta paper itself was not directly accessed to confirm)). Verify before use.",,,,,10.1002/1521-396X(200112)188:3<1047::AID-PSSA1047>3.0.CO;2-J,Characterization of Niobium Oxide Films Prepared by Reactive DC Magnetron Sputtering,"Venkataraj, S.; Drese, R.; Kappertz, O.; Jayavel, R.; Wuttig, M.",Physica Status Solidi (a),2001.0
34,Potassium niobate,KNbO3,,,,,,,False,mp-5246,Amm2 (#38),0.0003534000000016,4.501553303794176,MP_DFT,8048.0,35.85664344064877,1.5683046993193688,4.237261120876988,0.0001361371344498,False,main,KNbO3,400.0,3400.0,Zysset-α,biaxial alpha (nα),2.69477916236331,,biaxial beta (nβ),2.903871725980222,,Zysset-β,"pubchem: formula mismatch (target=KNbO3, pubchem=K8Nb6O19) -- pubchem fields NULLed",biaxial gamma (nγ),3.0608305380999536,,Zysset-γ,,,,,
35,Lithium niobate,LiNbO3,,159404.0,[Li+].[O-2].[O-2].[O-2].[Nb+5],PSVBHJWAIYBPRO-UHFFFAOYSA-N,12031-63-9,147.9,True,mp-3731,R3c (#161),0.0,4.577485857989899,MP_DFT,8048.0,35.7678257711648,1.3617682406378082,4.201801674000997,0.0037151472076953,True,main,LiNbO3,400.0,5000.0,Zelmon-o,ordinary (o),2.286419463472831,,extraordinary (e),2.20218072397175,,Zelmon-e,"pubchem: 5 CAS numbers in PUG-View record, took first/primary (12031-63-9)",,,,,,,,,
36,Scandium oxide,Sc2O3,bixbyite,134661.0,[O-2].[O-2].[O-2].[Sc+3].[Sc+3],HJGMWXTVGKLUAQ-UHFFFAOYSA-N,12060-08-1,137.91,True,mp-216,Ia-3 (#206),0.0,3.8189049376387185,MP_DFT,8048.0,31.429992653377955,1.5565025177065188,6.939160349001576,0.0025506169054848,False,main,Sc2O3,435.0,644.0,Medenbach,none (isotropic/cubic/amorphous),1.988457744019046,,,,,,"pubchem: 8 CAS numbers in PUG-View record, took first/primary (12060-08-1)",,,,,,,,,
37,Silicon monoxide,SiO,amorphous,66241.0,O=[Si],LIVNPJMFVYWSIS-UHFFFAOYSA-N,10097-28-6,44.084,True,,,,2.13,literature,8048.0,18.291410008003844,0.294042114249293,2.8964433348121963,1.3851864065585909e-05,False,main,SiO,240.0,14000.0,Hass,none (isotropic/cubic/amorphous),1.9564117647058823,0.0009175,,,,,"pubchem: 11 CAS numbers in PUG-View record, took first/primary (10097-28-6); no MP structure match. Density = 2.13 g/cm3 (literature: evaporated amorphous SiO film, commonly cited value). Verify before use.",,,,,,,,,
38,Silicon dioxide / quartz,SiO2,amorphous,24261.0,O=[Si]=O,VYPSYNLAJGMNEJ-UHFFFAOYSA-N,14464-46-1,60.084,True,,,,2.2,literature,8048.0,18.865310054981503,0.2437777561546431,3.474770307232328,1.0509025101424678e-05,False,main,SiO2,210.0,6700.0,Malitson,none (isotropic/cubic/amorphous),1.4570145686497165,,,,,,"pubchem: 60 CAS numbers in PUG-View record, took first/primary (14464-46-1); no MP structure match. Density = 2.2 g/cm3 (literature: fused silica, standard value). Verify before use.; RI.info default dataset is amorphous/glass",,,,,,,,,
39,Tantalum pentoxide,Ta2O5,amorphous,62157.0,[O-2].[O-2].[O-2].[O-2].[O-2].[Ta+5].[Ta+5],BPUBBGLMJRNUCC-UHFFFAOYSA-N,1314-61-0,441.89,True,,,,7.9,literature,8048.0,53.17813488030321,3.3737164760191716,4.612085276196664,0.0012335325674067,False,main,Ta2O5,500.0,1000000.0,Bright-amorphous,none (isotropic/cubic/amorphous),2.1202835062240664,0.0009899947925311,,,,,"pubchem: 12 CAS numbers in PUG-View record, took first/primary (1314-61-0); no MP structure match. Density = 7.9 g/cm3 (literature: amorphous Ta2O5 thin film, commonly cited value (vs 8.37 crystalline)). Verify before use.; RI.info default dataset is amorphous/glass",,,,,,,,,
40,TGG,Tb3Ga5O12,garnet,,,,,,,mp-5965,Ia-3d (#230),0.0,7.230375397015083,MP_DFT,8048.0,49.77252675974363,3.862392197207385,5.482681276029017,0.0009991754744449,False,main,Tb3Ga5O12,405.0,1177.0,Schlarb,none (isotropic/cubic/amorphous),1.9656,,,,,,pubchem: not found by name,,,,,,,,,
41,Tellurium dioxide,TeO2,paratellurite,62638.0,O=[Te]=O,LAJZODKXOMJMPK-UHFFFAOYSA-N,7446-07-3,159.6,True,mp-557,P4_12_12 (#92),0.0004988908333318,5.932513993328801,MP_DFT,8048.0,42.92405043568221,4.308470956120979,3.869830203451403,0.0002926008043153,False,main,TeO2,400.0,1000.0,Uchida-o,ordinary (o),2.2595990355628377,,extraordinary (e),2.412442512580621,,Uchida-e,"pubchem: 14 CAS numbers in PUG-View record, took first/primary (7446-07-3)",,,,,,,,,
42,Titanium dioxide (rutile / anatase),TiO2,rutile,26042.0,O=[Ti]=O,GWEVSGVZZGPLCZ-UHFFFAOYSA-N,1317-70-0,79.866,True,mp-2657,P4_2/mnm (#136),0.0436387041666659,4.236221760308243,MP_DFT,8048.0,34.51776765087454,1.7420165554097489,2.6312568787702384,0.0005410006671774,False,main,TiO2,430.0,1530.0,Devore-o,ordinary (o),2.5208432388224087,,extraordinary (e),2.793283334492771,,Devore-e,"pubchem: 40 CAS numbers in PUG-View record, took first/primary (1317-70-0)",,,,,,,,,
43,Barium titanate,BaTiO3,,159419.0,[O-2].[O-2].[O-2].[Ti+4].[Ba+2],VKJLWXGJGDEGSO-UHFFFAOYSA-N,12047-27-7,233.19,True,mp-5986,P4mm (#99),0.0019565740000011,5.927475128848985,MP_DFT,8048.0,43.75493137480299,4.742992162643177,2.9254625501038545,0.000306092362494,False,main,BaTiO3,400.0,700.0,Wemple-o,ordinary (o),2.4042200769086235,,extraordinary (e),2.360508511383586,,Wemple-e,"pubchem: 9 CAS numbers in PUG-View record, took first/primary (12047-27-7)",,,,,,,,,
44,Strontium titanate,SrTiO3,,82899.0,[O-][Ti](=O)[O-].[Sr+2],VEALVRVVWBQVSL-UHFFFAOYSA-N,12060-59-2,183.49,True,mp-5229,Pm-3m (#221),0.0004700539999991,5.08651173086108,MP_DFT,8048.0,39.53633985059801,1.794360648806818,3.51603997225475,0.0003421796246723,False,main,SrTiO3,430.0,3800.0,Bond,none (isotropic/cubic/amorphous),2.3877579427190927,,,,,,"pubchem: 8 CAS numbers in PUG-View record, took first/primary (12060-59-2)",,,,,,,,,
45,Vanadium dioxide,VO2,M1 (insulating),82849.0,O=[V]=O,GRUMUEUJTSXQOI-UHFFFAOYSA-N,12036-21-4,82.94,True,mp-1102963,P2_1/c (#14),0.0429568066666536,4.465187987652505,MP_DFT,8048.0,35.79782735318847,2.0654626861712013,3.619633719134419,0.0004580424740844,False,main,VO2,500.0,25000.0,Beaini-25C,none (isotropic/cubic/amorphous),3.0459,0.3277899999999999,,,,,"pubchem: 7 CAS numbers in PUG-View record, took first/primary (12036-21-4)",,,,,,,,,
46,Yttrium orthovanadate,YVO4,zircon,83578.0,[O-][V](=O)([O-])[O-].[Y+3],QWVYNEUUYROOSZ-UHFFFAOYSA-N,13566-12-6,203.845,True,mp-19133,I4_1/amd (#141),0.0,4.224206539529831,MP_DFT,8048.0,33.06397113411183,1.5602892202730063,3.808988546430233,0.0002207439709752,False,main,YVO4,488.0,3390.0,Birnbaum-o,ordinary (o),1.9913487792312523,,extraordinary (e),2.2149374886015036,,Birnbaum-e,"pubchem: 4 CAS numbers in PUG-View record, took first/primary (13566-12-6)",,,,,,,,,
47,Tungsten trioxide,WO3,,14811.0,O=[W](=O)=O,ZNOKGRXACCSDPY-UHFFFAOYSA-N,1314-35-8,231.84,True,mp-619461,P2_1/c (#14),0.0070996409375005,6.702580400905092,MP_DFT,8048.0,45.692660065439945,2.8800290813024296,3.85921944621887,0.0008860436551253,False,main,WO3,300.0,1000.0,Kulikova,none (isotropic/cubic/amorphous),1.97715,0.0,,,,,"pubchem: 11 CAS numbers in PUG-View record, took first/primary (1314-35-8)",,,,,,,,,
48,Yttrium oxide,Y2O3,bixbyite,159374.0,[O-2].[O-2].[O-2].[Y+3].[Y+3],RUDFQVOCFDJEEF-UHFFFAOYSA-N,1314-36-9,225.81,True,mp-2652,Ia-3 (#206),0.0,5.026122839880902,MP_DFT,8048.0,38.385703458327136,1.6311791415515648,4.411494832520523,9.544657451218572e-05,False,main,Y2O3,250.0,9600.0,Nigara,none (isotropic/cubic/amorphous),1.9248658896586113,,,,,,"pubchem: 14 CAS numbers in PUG-View record, took first/primary (1314-36-9)",,,,,,,,,
49,YAG,Y3Al5O12,garnet,,,,,,False,mp-3050,Ia-3d (#230),0.0,4.559870638779319,MP_DFT,8048.0,36.35501798110532,1.0347936870301122,5.094981093194035,6.428562510102273e-05,False,main,Y3Al5O12,400.0,5000.0,Zelmon,none (isotropic/cubic/amorphous),1.829454534390969,,,,,,"pubchem: formula mismatch (target=Y3Al5O12, pubchem=AlO3Y) -- pubchem fields NULLed",,,,,,,,,
50,Zinc oxide,ZnO,wurtzite,3007857.0,[O-2].[Zn+2],RNWHGQJWIACOKP-UHFFFAOYSA-N,1314-13-2,81.4,True,mp-2133,P6_3mc (#186),0.0,5.7042178148357205,MP_DFT,8048.0,43.40806805643716,0.8769488268847982,4.847485209376811,0.0001303203633658,False,main,ZnO,450.0,4000.0,Bond-o,ordinary (o),2.5433345589992644,,extraordinary (e),2.5649169595377095,,Bond-e,"pubchem: 17 CAS numbers in PUG-View record, took first/primary (1314-13-2)",,,,,,,,,
